invoice;['supplier', 's', 'nam', 'and', 'addres', 'stret', 'addres', 'city', 'st', 'zip', 'cod', 't', 'info', 'cc', 'vat', 'account', 'number', 'iban', 'bic', 'bank', 'detail', 'hogeschol', 'arnhem', 'nijmeg', 'crediteurenadministratie', 'postbus', 'ej', 'arnhem', 'invoic', 'exampl', 'invoic', 'addres', 'invoic', 'september', 'invoic', 'number', 'cost', 'centr', 'contact', 'person', 'university', 'bakker', 'vat', 'number', 'han', 'invoic', 'invoic', 'number', 'cost', 'centr', 'university', 'contact', 'person', 'vat', 'number', 'han', 'university', 'deliveranc', 'consult', 'eelco', 'hakman', 'september', 'arnhem', 'person', 'amount', 'per', 'person', 'siz', 'and', 'specification', 'delivered', 'vat', 'amount', 'god', 'or', 'services', 'unit', 'pric', 'excl', 'vat', 'subtotal', 'vat', 'total', 'purchas', 'condition', 'han', 'we', 'kindly', 'request', 'you', 'to', 'transfer', 'the', 'abov', 'mentioned', 'amount', 'within', 'day', 'the', 'invoic', 'to', 'our', 'bank', 'account', 'mention', 'the', 'invoic', 'number', 'only', 'for', 'the', 'eu', 'vat', 'identification', 'number', 'chamber', 'commerc', 'number', 'if', 'you', 'are', 'not', 'registered', 'to', 'pay', 'vat', 'pleas', 'not', 'this', 'on', 'the', 'invoic', 'mailto', 'info', 'mailto', 'info', 'mailto', 'info', 'arnhem', 'september', 'e', 'crediteur', 't', 'invoic', 'requirement', 'an', 'invoic', 'sent', 'to', 'han', 'university', 'applied', 'sciences', 'must', 'the', 'requirement', 'established', 'by', 'the', 'dutch', 'tax', 'and', 'custom', 'administration', 'and', 'contain', 'at', 'least', 'the', 'follow', 'mandatory', 'information', 'invoic', 'addres', 'hogeschol', 'arnhem', 'nijmeg', 'crediteurenadministratie', 'postbus', 'ej', 'arnhem', 'supplier', 's', 'nam', 'and', 'addres', 'invoic', 'number', 'invoices', 'should', 'be', 'numbered', 'consecutively', 'wher', 'necessary', 'multipl', 'sequences', 'invoic', 'cas', 'advanc', 'payment', 'the', 'payment', 'if', 'this', 'differ', 'from', 'the', 'invoic', 'bank', 'detail', 'nam', 'and', 'addres', 'supply', 'god', 'or', 'services', 'only', 'for', 'the', 'eu', 'vat', 'identification', 'number', 'the', 'vat', 'identification', 'number', 'the', 'number', 'under', 'which', 'an', 'entrepreneur', 'registered', 'with', 'the', 'tax', 'and', 'custom', 'administration', 'chamber', 'commerc', 'number', 'the', 'quantity', 'and', 'typ', 'god', 'supplied', 'the', 'quantity', 'and', 'typ', 'services', 'rendered', 'for', 'each', 'rat', 'or', 'exemption', 'the', 'unit', 'pric', 'exclud', 'vat', 'any', 'discount', 'if', 'thes', 'are', 'not', 'included', 'the', 'unit', 'pric', 'and', 'the', 'vat', 'rat', 'applied', 'the', 'vat', 'amount', 'the', 'invoic', 'should', 'also', 'show', 'the', 'customer', 'vat', 'identification', 'number', 'the', 'vat', 'number', 'han', 'university', 'applied', 'sciences', 'the', 'supplier', 's', 'iban', 'and', 'must', 'be', 'stated', 'on', 'the', 'invoic', 'includ', 'the', 'bank', 'detail', 'nam', 'and', 'addres', 'additional', 'condition', 'addition', 'to', 'the', 'legal', 'requirement', 'the', 'han', 'uses', 'a', 'number', 'additional', 'condition', 'delivery', 'addres', 'the', 'delivery', 'addres', 'which', 'also', 'must', 'be', 'mentioned', 'on', 'the', 'invoic', 'cost', 'centr', 'project', 'number', 'the', 'buyer', 'responsibl', 'for', 'giving', 'you', 'the', 'correct', 'cost', 'centr', 'number', 'and', 'if', 'necessary', 'the', 'project', 'number', 'invoices', 'without', 'cost', 'centres', 'receiv', 'the', 'lowest', 'priority', 'contact', 'person', 'university', 'the', 'buyer', 'should', 'pas', 'on', 'his', 'her', 'nam', 'you', 'must', 'not', 'this', 'on', 'the', 'invoic', 'purchas', 'condition', 'the', 'contact', 'person', 'should', 'mention', 'that', 'the', 'han', 'purchas', 'condition', 'apply', 'for', 'exampl', 'that', 'han', 'pay', 'within', 'day', 'invoic', 'submit', 'an', 'invoic', 'pleas', 'send', 'your', 'invoic', 'by', 'post', 'see', 'invoic', 'addres', 'or', 'to', 'digifactur', 'mailto', 'crediteur', 'mailto', 'digifactur']
invoice;['voorbeeld', 'factur', 'stichting', 'scouting', 'boekel', 'spechtlan', 'vk', 'boekel', 'telefon', 'internet', 'email', 'verhur', 'iban', 'pagina', 'nam', 'strat', 'postcod', 'plat', 'factur', 'factuurdatum', 'betalingstermijn', 'binn', 'dag', 'factuurdatum', 'factuurnummer', 'referentie', 'omschrijv', 'total', 'verhur', 'blokhut', 'den', 'perekker', 'zaterdag', 'maandag', 'huurkost', 'aantal', 'person', 'x', 'aantal', 'nacht', 'x', 'minimum', 'per', 'nacht', 'kost', 'verbruik', 'elektra', 'eindstand', 'beginstand', 'vrij', 'x', 'kost', 'verbruik', 'gas', 'eindstand', 'beginstand', 'vrij', 'x', 'kost', 'vuilniszak', 'vuilniszak', 'x', 'divers', 'eventuel', 'schades', 'subtotal', 'ontvang', 'hur', 'ontvang', 'borgsom', 'total', 'terug', 'gestort', 'iban', 'http', 'mailto', 'verhur']
invoice;['declaratieprotocol', 'bijlag', 'voorbeeldfactur', 'voorbeeld', 'enkelvoud', 'factur', 'factuurdatum', 'factuurnummer', 'verplichtingennummer', 'zorgaanbieder', 'nam', 'zorgaanbieder', 'adres', 'indien', 'ter', 'sprak', 'kamer', 'koophandel', 'nummer', 'indien', 'ter', 'sprak', 'indien', 'ter', 'sprak', 'ontvanger', 'nam', 'gemeent', 'adres', 'postbus', 'categorie', 'jeugdhulpaanbieder', 'bsn', 'jeugdig', 'geboortedatum', 'jeugdig', 'postcod', 'jeugdig', 'conform', 'woonplaatsbeginsel', 'zorgprofiel', 'conform', 'jeugdhulpcatalogus', 'kies', 'zorgprofiel', 'intensiteit', 'acut', 'perspectief', 'intensief', 'duurzam', 'startdatum', 'jeugdhulp', 'startdatum', 'invull', 'zorgcontinuiteit', 'einddatum', 'jeugdhulp', 'nam', 'verwijzer', 'jeugdhulp', 'cod', 'tarief', 'total', 'geleverd', 'zorg', 'vrijgesteld', 'btw', 'verzamelfactur', 'opgav', 'meerder', 'client', 'tegelijk', 'factuurformat', 'voorbeeld', 'verzamelfactur', 'factuurdatum', 'factuurnummer', 'verplichtingennummer', 'zorgaanbieder', 'nam', 'zorgaanbieder', 'adres', 'indien', 'ter', 'sprak', 'kamer', 'koophandel', 'nummer', 'indien', 'ter', 'sprak', 'indien', 'ter', 'sprak', 'ontvanger', 'nam', 'gemeent', 'adres', 'postbus', 'factur', 'meerder', 'client', 'zorgtraject', 'factuurbijlag', 'categorie', 'categorie', 'jeugdhulpaanbieder', 'verzameldeclaratie', 'verzamelfactur', 'vul', 'totaalbedrag', 'verwijs', 'omschrijv', 'factuurbijlag', 'omschrijv', 'totaalbedrag', 'aantal', 'client', 'omschrijv', 'geleverd', 'zorg', 'zie', 'bijlag', 'total', 'geleverd', 'zorg', 'vrijgesteld', 'btw']
invoice;['maandafreken', 'capaciteitgas', 'voorbeeld', 'factur', 'informatie', 'energiebelastingtariev', 'vindt', 'eneco', 'zakelijk', 'zakelijk', 'http', 'factbt', 'factbt', 'klantnrbt', 'factnrbt', 'vervaldatumbt', 'eanbt', 'eanbt', 'voorschperbt', 'productbt', 'verbdalbt', 'vergoed', 'knop', 'energbelast', 'verbpiekbt', 'heffb', 'contactbt', 'factdatumbt', 'factuuradres', 'bedrijfsgegeven', 'factuurnummer', 'vervaldatum', 'contactnr', 'factuurdatum', 'klantnummer', 'ean', 'locatie', 'voorschotperiod', 'product', 'verbruikdal', 'verbruikpiek', 'vastevergoed', 'txt', 'enerbelast', 'heffingskort', 'heffingskort', 'btwbt', 'heffingskort']
invoice;['excel', 'factur', 'voorbeeld', 'factur', 'bcn', 'rhon', 'postadres', 'groenenboomstrat', 'xj', 'rhon', 'bezoekadres', 'sporthal', 'rhon', 'stationsstrat', 'rhon', 'kvk', 'nr', 'bank', 'sns', 'bank', 'iban', 'nl', 'snsb', 'websit', 'penningmeester', 'factuurnummer', 'subtotal', 'betal', 'vanaf', 'mei', 'algemen', 'verorden', 'gegevensbescherm', 'avg', 'kracht', 'les', 'privacyverklar', 'bcn', 'rhon', 'via', 'onz', 'websit', 'kunt', 'download', 'vervaldatum', 'september', 'opmerk', 'wij', 'verzoek', 'vriendelijk', 'bedrag', 'september', 'mak', 'rekeningnummer', 'kijk', 'algemen', 'voorwaard', 'toepass', 'onz', 'websit', 'vermeld', 'factuurnummer', 'omschrijv', 'contributie', 'seizoen', 'factuurdatum', 'pietj', 'puk', 'telegraafstrat', 'keteldorp', 'http', 'mailto', 'penningmeester', 'http', 'rhon']
invoice;['voorbeeld', 'factur', 'transportmaster', 'rep', 'nl', 'dell', 'computer', 'zekeringstrat', 'b', 'ae', 'amsterdam', 'nederland', 'factur', 'omschrijv', 'bedrag', 'btw', 'debiteurnr', 'factuurnummer', 'factuurdatum', 'vermeld', 'betal', 'cmr', 'auto', 'trldatum', 'demo', 'europallet', 'computer', 'hardwar', 'diesel', 'kost', 'eur', 'eur', 'eur', 'subtotal', 'btw', 'total', 'betal', 'basisbedrag', 'eur', 'btw', 'eur', 'eop']
invoice;['a', 'k', 'lm', 'onpbpbrqr', 'her', 'wh', 'test', 'jasperstrat', 'vl', 'helmond', 'nederland', 'factur', 'factuurnummer', 'factuurdatum', 'relatienummer', 'betal', 'reken', 'wij', 'breng', 'reken', 'bedrag', 'per', 'omgaand', 'patient', 'her', 'wh', 'test', 'pr', 'zf', 'cz', 'c', 'c', 'consult', 'e', 'patient', 'mevrouw', 'mah', 'den', 'broek', 'pr', 'c', 'c', 'consult', 'e', 'totaalbedrag', 'e', 'betal', 'gaarn', 'storting', 'totaalbedrag', 'per', 'omgaand', 'rekeningnummer', 'sns', 'bank', 'valkenburg', 'postgiro', 'vermeld', 'factuurnummer', 'zie', 'linksbov']
invoice;['invoic', 'invoic', 'supplier', 'hypnotic', 'polish', 'zeemeeuwhof', 'utrecht', 'vat', 'no', 'customer', 'my', 'vu', 'haarspitstrat', 'purmer', 'order', 'number', 'payment', 'method', 'paypal', 'bank', 'account', 'account', 'nam', 'oz', 'services', 'iban', 'cod', 'issue', 'due', 'subtotal', 'total', 'excl', 'vat', 'vat', 'btw', 'total', 'incl', 'vat', 'amount', 'paid', 'amount', 'due', 'item', 'description', 'quantity', 'unit', 'pric', 'incl', 'vat', 'vat', 'total', 'cupcak', 'polish', 'suitor', 'on', 'a', 'scooter', 'sku', 'ilnp', 'mega', 's', 'sku', 'superchic', 'lacquer', 'bring', 'it', 'on', 'bas', 'coat', 'sku', 'superchic', 'lacquer', 'marvel', 'liquid', 'macro', 'top', 'coat', 'sku', 'cupcak', 'polish', 'som', 'berry', 'to', 'lov', 'sku', 'glist', 'glow', 'liquid', 'latex', 'sku', 'cupcak', 'polish', 'mod', 'squad', 'sku', 'hypnotic', 'polish', 'email', 'info', 'mailto', 'info', 'http', 'https']
invoice;['sampl', 'residential', 'factor', 'established', 'atholl', 'plac', 'edinburgh', 't', 'f', 'e', 'factor', 'w', 'authorised', 'and', 'regulated', 'by', 'the', 'financial', 'services', 'authority', 'for', 'insuranc', 'mediation', 'activities', 'only', 'james', 'gibb', 'residential', 'factor', 'a', 'trading', 'nam', 'james', 'gibb', 'property', 'management', 'ltd', 'registered', 'as', 'a', 'limited', 'company', 'scotland', 'no', 'sc', 'vat', 'reg', 'no', 'registered', 'offic', 'north', 'charlot', 'stret', 'edinburgh', 'mr', 'mrs', 'smith', 'edinburgh', 'crescent', 'edinburgh', 'account', 'no', 'invoic', 'no', 'charges', 'for', 'period', 'from', 'to', 'property', 'development', 'description', 'amount', 'shar', 'charg', 'vat', 'total', 'i', 'n', 'v', 'o', 'i', 'c', 'e', 'balanc', 'brought', 'forward', 'total', 'payment', 'received', 'total', 'charg', 'this', 'period', 'balanc', 'n', 'pleas', 'enclos', 'a', 'stamped', 'addressed', 'envelop', 'if', 'you', 'wish', 'a', 'receipt', 'n', 'if', 'paying', 'by', 'standing', 'order', 'pleas', 'ensur', 'your', 'account', 'kept', 'credit', 'this', 'invoic', 'due', 'for', 'payment', 'within', 'day', 'edinburgh', 'crescent', 'edinburgh', 'edinburgh', 'crescent', 'balanc', 'brought', 'forward', 'dr', 'payment', 'received', 'cheque', 'cr', 'total', 'payment', 'received', 'cr', 'city', 'cleaning', 'ltd', 'cleaning', 'city', 'cleaning', 'ltd', 'cleaning', 'city', 'cleaning', 'ltd', 'cleaning', 'scottish', 'power', 'garages', 'electricity', 'scottish', 'power', 'stairwell', 'electricity', 'garden', 'gard', 'maintenanc', 'odd', 'job', 'repair', 'to', 'downpip', 'pressur', 'wash', 'ltd', 'cleaning', 'rear', 'entranc', 'stair', 'building', 'insuranc', 'building', 'insuranc', 'james', 'gibb', 'residential', 'factor', 'management', 'fee', 'to', 'understand', 'your', 'invoic', 'our', 'invoices', 'are', 'produced', 'such', 'a', 'way', 'that', 'we', 'offer', 'complet', 'transparency', 'the', 'item', 'that', 'form', 'your', 'total', 'charges', 'for', 'the', 'purposes', 'clarity', 'a', 'cr', 'amount', 'the', 'body', 'the', 'invoic', 'indicates', 'money', 'received', 'from', 'or', 'going', 'to', 'you', 'this', 'may', 'be', 'a', 'payment', 'refund', 'or', 'correction', 'etc', 'a', 'dr', 'amount', 'the', 'body', 'the', 'invoic', 'indicates', 'a', 'charg', 'to', 'you', 'at', 'the', 'bottom', 'the', 'invoic', 'the', 'balanc', 'section', 'will', 'display', 'either', 'cr', 'or', 'a', 'dr', 'amount', 'a', 'credit', 'amount', 'cr', 'mean', 'that', 'your', 'account', 'credit', 'and', 'you', 'owe', 'us', 'nothing', 'on', 'this', 'bill', 'the', 'cr', 'amount', 'will', 'be', 'carried', 'forward', 'to', 'your', 'next', 'bill', 'and', 'deducted', 'from', 'the', 'total', 'a', 'debit', 'dr', 'mean', 'that', 'you', 'are', 'due', 'to', 'pay', 'the', 'amount', 'quoted', 'payment', 'your', 'account', 'pleas', 'not', 'that', 'our', 'invoices', 'are', 'due', 'for', 'payment', 'within', 'fourten', 'day', 'the', 'invoic', 'if', 'you', 'pay', 'by', 'monthly', 'standing', 'order', 'and', 'your', 'invoic', 'show', 'a', 'debit', 'balanc', 'dr', 'pleas', 'pay', 'the', 'amount', 'outstand', 'to', 'clear', 'your', 'account', 'you', 'can', 'pay', 'your', 'account', 'by', 'the', 'follow', 'method', 'at', 'payment', 'can', 'be', 'mad', 'on', 'our', 'web', 'sit', 'go', 'to', 'select', 'the', 'mak', 'a', 'payment', 'tab', 'on', 'the', 'left', 'hand', 'sid', 'and', 'follow', 'the', 'instruction', 'pleas', 'not', 'that', 'ther', 'a', 'charg', 'if', 'you', 'wish', 'to', 'pay', 'by', 'credit', 'card', 'but', 'no', 'charg', 'if', 'paying', 'by', 'debit', 'card', 'banking', 'if', 'you', 'wish', 'to', 'pay', 'your', 'account', 'using', 'this', 'method', 'you', 'will', 'requir', 'acces', 'to', 'your', 'own', 'bank', 'account', 'and', 'will', 'ned', 'to', 'establish', 'the', 'follow', 'payment', 'account', 'n', 'account', 'nam', 'james', 'gibb', 'client', 'account', 'n', 'account', 'no', 'n', 'sort', 'cod', 'n', 'pleas', 'quot', 'your', 'unique', 'james', 'gibb', 'account', 'no', 'found', 'on', 'your', 'invoic', 'to', 'enabl', 'our', 'account', 'staff', 'to', 'match', 'your', 'payment', 'to', 'your', 'account', 'standing', 'order', 'if', 'you', 'd', 'lik', 'to', 'spread', 'the', 'cost', 'advanc', 'receiv', 'your', 'quarterly', 'bill', 'you', 'may', 'wish', 'to', 'set', 'up', 'a', 'standing', 'order', 'pleas', 'speak', 'to', 'our', 'account', 'team', 'should', 'you', 'wish', 'to', 'use', 'this', 'payment', 'method', 'call', 'on', 'or', 'email', 'factor', 'the', 'condition', 'relat', 'to', 'standing', 'order', 'payment', 'can', 'be', 'obtained', 'from', 'our', 'account', 'team', 'by', 'telephon', 'you', 'can', 'call', 'the', 'offic', 'to', 'pay', 'using', 'your', 'debit', 'or', 'credit', 'card', 'pleas', 'not', 'that', 'ther', 'a', 'charg', 'if', 'you', 'wish', 'to', 'pay', 'by', 'credit', 'card', 'but', 'no', 'charg', 'if', 'paying', 'by', 'debit', 'card', 'at', 'the', 'offic', 'you', 'can', 'pay', 'at', 'the', 'offic', 'by', 'debit', 'or', 'credit', 'card', 'cash', 'or', 'cheque', 'pleas', 'not', 'that', 'ther', 'a', 'charg', 'if', 'you', 'wish', 'to', 'pay', 'by', 'credit', 'card', 'but', 'no', 'charg', 'if', 'paying', 'by', 'debit', 'card', 'cheques', 'should', 'be', 'mad', 'payabl', 'to', 'james', 'gibb', 'property', 'management', 'ltd', 'cheque', 'payment', 'by', 'post', 'if', 'paying', 'by', 'cheque', 'pleas', 'ensur', 'that', 'you', 'writ', 'your', 'unique', 'james', 'gibb', 'account', 'no', 'found', 'on', 'your', 'invoic', 'on', 'the', 'back', 'the', 'cheque', 'to', 'enabl', 'our', 'account', 'staff', 'to', 'match', 'your', 'payment', 'to', 'your', 'account', 'cheques', 'should', 'be', 'mad', 'payabl', 'to', 'james', 'gibb', 'property', 'management', 'ltd', 'invoic', 'disputes', 'if', 'you', 'do', 'not', 'understand', 'or', 'if', 'you', 'disput', 'any', 'part', 'your', 'invoic', 'pleas', 'let', 'us', 'know', 'as', 'son', 'as', 'possibl', 'after', 'receipt', 'the', 'invoic', 'certainly', 'within', 'day', 'by', 'doing', 'this', 'we', 'can', 'updat', 'our', 'system', 'to', 'ensur', 'that', 'you', 'are', 'not', 'pursued', 'for', 'any', 'amount', 'that', 'are', 'disputed', 'and', 'not', 'yet', 'resolved', 'all', 'part', 'the', 'invoic', 'should', 'be', 'paid', 'as', 'normal', 'within', 'the', 'day', 'period', 'debt', 'recovery', 'as', 'your', 'manag', 'agent', 'it', 'our', 'duty', 'to', 'ensur', 'that', 'payment', 'are', 'mad', 'on', 'tim', 'to', 'ensur', 'sufficient', 'fund', 'exist', 'your', 'development', 'account', 'as', 'such', 'a', 'lat', 'payment', 'fee', 'plus', 'vat', 'will', 'apply', 'to', 'account', 'that', 'remain', 'unpaid', 'after', 'the', 'payment', 'due', 'should', 'a', 'lat', 'payment', 'fee', 'apply', 'you', 'will', 'be', 'notified', 'writing', 'if', 'a', 'debt', 'remain', 'unpaid', 'after', 'our', 'reminder', 'and', 'application', 'the', 'lat', 'payment', 'fee', 'we', 'will', 'pas', 'the', 'account', 'to', 'our', 'external', 'legal', 'services', 'to', 'pursue', 'the', 'debt', 'we', 'offer', 'a', 'hour', 'servic', 'for', 'hom', 'emergencies', 'pleas', 'call', 'our', 'normal', 'number', 'for', 'assistanc', 'at', 'any', 'tim', 'electron', 'debit']
invoice;['яд', 'ph', 'amsterdam', 'the', 'nethehand', 'fax', 'ap', 'melster', 'consum', 'gmbh', 'freldrlchstr', 'ber', 'n', 'ba', 'germany', 'lof', 'no', 'rom', 'no', 'no', 'person', 's', 'va', 'departur', 'invoic', 'no', 'resereation', 'no', 'referenc', 'cashier', 'no', 'guest', 'nam', 'apimeister', 'consult', 'gmbh', 'leonardo', 'hotel', 'amsterdam', 'rembrandtpark', 'description', 'debit', 'credit', 'accommodation', 'city', 'tax', 'accommodation', 'city', 'tax', 'breakfast', 'rom', 'check', 'rom', 'check', 'accommodation', 'city', 'tax', 'breakfast', 'accommodation', 'city', 'tax', 'breakfast', 'rom', 'check', 'accommo', 'city', 'tax', 'accommo', 'dation', 'city', 'tax', 'accommodation', 'city', 'tax', 'accommodation', 'city', 'tax', 'accommodation', 'city', 'tax', 'mastercard', 'emv', 'ph', 'oihafdo', 'hertel', 'rerrtbronclfpafk', 't', 'k', 'îono', 'hoifii', 'arp', 'iitvv', 'ح', 'ة', 'قاة', 'kvk', 'ίνθ', 'tiòã', 'ingb', 'coricition', 'god', 'cي', 'نحفن', 'ces', 'apoiicabie', 'to', 'cil', 'a', '謬彰多識', '菫灘', '霞', '篝', 'thenetherland', 'www', 'germany', 'pageno', 'roomno', 's', 'arrival', 'departur', 'invoiceno', 'reservationno', 'referenc', 'cashierno', 'guestnam', '蝿冠', '雷', '主', '零', '舞', '捧幸', '琴', '潅', '琴', '謡', '開', '開', 'ｈ', '苫', '凸', '可', '皿', 'ｊ', 'ｆ', 'ｕ', 'い', 'い', 'ｆ', '一', '恥', '轆', '一', '枠', '必薙', '掘', '撫', '淵', 'ザ', '止', '牡', '咋一', '蕊', '坤', '角', '型', '写', '叩', '勧', '癖', '蕊', 'ｓ', '鮮', '雲', '辱', '齢', '祷', '鐸', '群', 'i', '職簿ﾘ燕', '礎', 'credit', 'balanc', 'vatbreakdown', 'net', 'vat', 'totai', 'net', 'citytax', 'citytax', 'citytaxbreakdown', 'totalrom', 'totalother', 'approvalcod', 'approval', 'amt', 'capturemethod', 'manual', 'expirydat', 'transactioncurrency', 'signatur', 'kvk', 'iwn賑nrr', '認誕iboi', '榊', '島x', '患くりv蕊', 'eap織龍cc', 'c', '蝉蟻職蝿癖', '鍵']
invoice;['uitleg', 'factur', 'ricoh', 'nederland', 'postbus', 'mb', 'vola', 'leinder', 'accountant', 'adviseur', 'mauritsln', 'hw', 'gelen', 'factur', 'fact', 'pagina', 'contracttyp', 'contractnummer', 'vrag', 'afdel', 'invoic', 'klantnummer', 'factuurdatum', 'factuurnummer', 'klantref', 'ordernr', 'kl', 'oud', 'contract', 'nummer', 'minimum', 'volum', 'period', 'aantal', 'machines', 'afreken', 'period', 'aantal', 'machines', 'total', 'minimum', 'total', 'verbruik', 'kleur', 'afdruk', 'period', 'aantal', 'machines', 'zie', 'bijgevoegd', 'overzicht', 'detail', 'betal', 'bedrag', 'automatisch', 'afgeschrev', 'vervaldatum', 'bankgegeven', 'hsbc', 'bank', 'iban', 'bic', 'voorwaard', 'betalingscondities', 'betal', 'binn', 'dag', 'factuurdatum', 'vervaldatum', 'factur', 'lever', 'geschied', 'volgen', 'overeenkomst', 'alsmed', 'toepass', 'specifiek', 'algemen', 'leveringsvoorwaard', 'ricoh', 'nederland', 'antwoord', 'ricoh', 'nederland', 'magistratenlan', 'md', 'fax', 'ricoh', 'nederland', 'magistratenlan', 'md', 'postbus', 'mb', 'kamer', 'koophandel', 'omschrijv', 'serienummer', 'model', 'aantal', 'prijs', 'netto', 'bedrag', 'standaard', 'btw', 'total', 'bedrag', 'btw', 'factuurbedrag', 'voorbeeld', 'bedrijf', 'voorbeeldstrat', 'ab', 'voorbeeldstad', 'klantnummer', 'contractnummer', 'indien', 'serienummer', 'model', 'stat', 'vermeld', 'kijk', 'achterkant', 'plat', 'stan', 'product', 'dienst', 'overeengekom', 'vast', 'bedrag', 'afgesprok', 'minimum', 'aantal', 'afdruk', 'voorbeeld', 'ziet', 'mumhoevel', 'totaalbedrag', 'maximal', 'pagina', 's', 'gekom', 'daaronder', 'daadwerk', 'verbruik', 'vanaf', 'pagina', 'vervolgpagina', 's', 'daarom', 'meerprijs', 'verrek', 'overeengekom', 'prijs', 'ziet', 'ning', 'factur', 'leest', 'informatie', 'afreken', 'bijgevoegd', 'blad', 'afsluit', 'contract', 'intern', 'nummer', 'opgegev', 'gegeven', 'vermeld', 'let', 'leest', 'datum', 'factur', 'ricoh', 'nederland', 'klantnummer', 'klantnam', 'factuurdatum', 'pagina', 'vola', 'leinder', 'accountant', 'adviseur', 'gedetailleerd', 'overzicht', 'factur', 's', 'hertogenbosch', 'cd', 'abcdefghijk', 'sp', 'afdruk', 'vola', 'leinder', 'accounta', 'gelen', 'hw', 'abcdefghijk', 'sp', 'afdruk', 'vola', 'leinder', 'accounta', 'sittard', 'aa', 'abcdefghijk', 'sp', 'afdruk', 'vola', 'leinder', 'accounta', 'sittard', 'aa', 'zyxwvutsrq', 'sp', 'afdruk', 'vola', 'leinder', 'accounta', 'gelen', 'hw', 'abcdefghijk', 'sp', 'afdruk', 'vola', 'leinder', 'accounta', 'sittard', 'aa', 'abcdefghijk', 'mp', 'afdruk', 'vola', 'leinder', 'accounta', 'gelen', 'hw', 'abcdefghijk', 'mp', 'afdruk', 'vola', 'leinder', 'accounta', 'sittard', 'aa', 'zyxwvutsrq', 'mp', 'afdruk', 'vola', 'leinder', 'accounta', 'gelen', 'hw', 'zyxwvutsrq', 'mp', 'afdruk', 'vola', 'leinder', 'accounta', 'gelen', 'hw', 'zyxwvutsrq', 'mp', 'afdruk', 'vola', 'leinder', 'accounta', 'sittard', 'aa', 'zyxwvutsrq', 'mp', 'afdruk', 'afreken', 'vola', 'leinder', 'accounta', 'gelen', 'hw', 'abcdefghijk', 'sp', 'minimum', 'volum', 'vola', 'leinder', 'accounta', 'sittard', 'aa', 'abcdefghijk', 'sp', 'minimum', 'volum', 'vola', 'leinder', 'accounta', 'sittard', 'aa', 'abcdefghijk', 'sp', 'minimum', 'volum', 'vola', 'leinder', 'accounta', 'gelen', 'hw', 'abcdefghijk', 'sp', 'minimum', 'volum', 'vola', 'leinder', 'accounta', 'sittard', 'aa', 'abcdefghijk', 'mp', 'minimum', 'volum', 'vola', 'leinder', 'accounta', 'sittard', 'aa', 'abcdefghijk', 'mp', 'kleur', 'afdruk', 'vola', 'leinder', 'accounta', 'gelen', 'hw', 'abcdefghijk', 'mp', 'minimum', 'volum', 'vola', 'leinder', 'accounta', 'gelen', 'hw', 'abcdefghijk', 'mp', 'kleur', 'afdruk', 'vola', 'leinder', 'accounta', 'sittard', 'aa', 'zyxwvutsrq', 'mp', 'minimum', 'volum', 'vola', 'leinder', 'accounta', 'sittard', 'aa', 'zyxwvutsrq', 'mp', 'kleur', 'afdruk', 'vola', 'leinder', 'accounta', 'gelen', 'hw', 'zyxwvutsrq', 'mp', 'minimum', 'volum', 'vola', 'leinder', 'accounta', 'gelen', 'hw', 'zyxwvutsrq', 'mp', 'kleur', 'afdruk', 'vola', 'leinder', 'accounta', 'gelen', 'hw', 'zyxwvutsrq', 'mp', 'minimum', 'volum', 'vola', 'leinder', 'accounta', 'gelen', 'hw', 'zyxwvutsrq', 'mp', 'kleur', 'afdruk', 'vola', 'leinder', 'accounta', 'sittard', 'aa', 'zyxwvutsrq', 'mp', 'minimum', 'volum', 'vola', 'leinder', 'accounta', 'sittard', 'aa', 'zyxwvutsrq', 'mp', 'kleur', 'afdruk', 'total', 'afdruk', 'klant', 'locatie', 'nam', 'plat', 'post', 'cod', 'klant', 'referentie', 'informatie', 'model', 'serienummer', 'period', 'datum', 'period', 'datum', 'omschrijv', 'stand', 'stand', 'verbruik', 'minimum', 'aantal', 'afdruk', 'afdruk', 'bedrag', 'voorbeeld', 'bedrijf', 'voorbeeld', 'bedrijf', 'voorbeeld', 'bedrijf', 'voorbeeld', 'bedrijf', 'voorbeeld', 'bedrijf', 'voorbeeld', 'bedrijf', 'voorbeeld', 'bedrijf', 'voorbeeld', 'bedrijf', 'voorbeeld', 'bedrijf', 'voorbeeld', 'bedrijf', 'voorbeeld', 'bedrijf', 'voorbeeld', 'bedrijf', 'voorbeeld', 'bedrijf', 'voorbeeld', 'bedrijf', 'voorbeeld', 'bedrijf', 'voorbeeld', 'bedrijf', 'voorbeeld', 'bedrijf', 'voorbeeld', 'bedrijf', 'voorbeeld', 'bedrijf', 'voorbeeld', 'bedrijf', 'voorbeeld', 'bedrijf', 'voorbeeld', 'bedrijf', 'voorbeeld', 'bedrijf', 'voorbeeld', 'bedrijf', 'voorbeeld', 'bedrijf', 'voorbeeld', 'bedrijf', 'voorbeeld', 'bedrijf', 'total', 'bedrag', 'uitleg', 'factur', 'ricoh', 'nederland', 'magistratenlan', 'md', 'stan', 'tiegegeven', 'modelnummer', 'serienummer', 'machin', 'vermeld', 'verbruik', 'stan', 'tellerstand', 'indien', 'opgegev', 'tellerstand', 'opgegev', 'ziet', 'geschat', 'tellerstand', 'stan']
invoice;['sampl', 'invoic', 'attachment', 'a', 'sampl', 'format', 'for', 'invoic', 'february', 'to', 'kylie', 'niss', 'senior', 'project', 'coordinator', 'center', 'for', 'rural', 'health', 'und', 'schol', 'medicin', 'and', 'health', 'sciences', 'rm', 'n', 'columbia', 'road', 'stop', 'grand', 'fork', 'nd', 'from', 'sam', 'jones', 'director', 'god', 'car', 'health', 'system', 'referenc', 'health', 'scrub', 'camp', 'february', 'request', 'for', 'reimbursement', 'as', 'follow', 'total', 'amount', 'allowabl', 'for', 'grant', 'expenses', 'cost', 'transportation', 'driver', 'stipend', 'x', 'fuel', 'fod', 'for', 'student', 'and', 'helper', 'am', 'snack', 'x', 'lunch', 'x', 'pm', 'snack', 'x', 'sit', 'coordinator', 'plan', 'coordinat', 'travel', 'supervision', 'expenses', 'gloves', 'glucos', 'testing', 'blod', 'pressur', 'kit', 'and', 'thermometer', 'disability', 'equipment', 'communication', 'student', 'folder', 'x', 'postag', 'x', 'copies', 'newspaper', 'radio', 'total', 'amount', 'this', 'request', 'pleas', 'contact', 'sam', 'jones', 'at', 'if', 'you', 'hav', 'any', 'question', 'regard', 'this', 'invoic', 'the', 'receipt', 'are', 'enclosed', 'thank', 'you', 'jan', 'doe', 'account', 'director', 'notes', 'pleas', 'submit', 'your', 'invoic', 'on', 'your', 'organization', 's', 'letterhead', 'pleas', 'attached', 'any', 'backup', 'to', 'substantiat', 'the', 'charges', 'such', 'as', 'receipt', 'or', 'other', 'documentation', 'pleas', 'clearly', 'delineat', 'the', 'amount', 'your', 'request']
invoice;['sampl', 'invoic', 'invoic', 'invoic', 'number', 'bill', 'to', 'washington', 'university', 'louis', 'one', 'brooking', 'driv', 'campus', 'box', 'louis', 'mo', 'payabl', 'to', 'institution', 'or', 'organization', 'nam', 'addres', 'one', 'addres', 'two', 'city', 'country', 'postal', 'phon', 'contact', 'taxpayer', 'identification', 'number', 'tin', 'institution', 'only', 'general', 'expenses', 'information', 'payment', 'term', 'payment', 'reimbursement', 'to', 'institution', 'or', 'organization', 'for', 'travel', 'expenses', 'related', 'to', 'the', 'national', 'memory', 'a', 'tim', 'populism', 'conferenc', 'may', 'due', 'upon', 'receipt', 'description', 'total', 'airlin', 'travel', 'and', 'related', 'expenses', 'for', 'speaker', 'nam', 'speaker', 'total', 'amount', 'expen', 'total', 'amount', 'expen', 'total', 'due', 'total', 'all', 'expen', 'this', 'an', 'exampl', 'only']
invoice;['sampl', 'invoic', 'cpb', 'softwar', 'germany', 'gmbh', 'im', 'bruch', 'musterkund', 'ag', 'john', 'doe', 'musterstr', 'musterstadt', 'nam', 'stefanie', 'muller', 'phon', 'invoic', 'wmacces', 'internet', 'invoicenumber', 'amount', 'quantity', 'under', 'the', 'regulation', 'the', 'eu', 'we', 'do', 'not', 'charg', 'vat', 'on', 'services', 'provided', 'to', 'businesses', 'other', 'member', 'countries', 'accord', 'to', 'the', 'regulation', 'tax', 'liability', 'transfer', 'to', 'the', 'recipient', 'services', 'term', 'payment', 'immediat', 'payment', 'without', 'discount', 'pleas', 'credit', 'the', 'amount', 'invoiced', 'to', 'iban', 'bic', 'sepa', 'credit', 'transfer', 'this', 'invoic', 'generated', 'automatically', 'and', 'will', 'not', 'be', 'signed', 'transaction', 'fee', 'basis', 'fee', 'for', 'additional', 'user', 'account', 'basic', 'fee', 'chang', 'user', 'account', 'transaction', 'fee', 'transaction', 'fee', 'transaction', 'fee', 'transaction', 'fee', 'transaction', 'fee', 'transaction', 'fee', 'transaction', 'fee', 'marz', 'customernumber', 'invoiceperiod', 'transaction', 'fee', 'transaction', 'fee', 'transaction', 'fee', 'total', 'invoic', 'amount', 'summary', 'servic', 'description', 'total', 'amount', 'basic', 'fee', 'basic', 'fee', 'transaction', 'fee', 'request', 'section', 'amount', 'euro', 'transaction', 'fee', 'seg', 'queries', 'total', 'total', 'euro', 'invoic', 'detail', 'period', 'to', 'unit', 'musterkund', 'ag', 'the', 'explanation', 'the', 'query', 'fee', 'categories', 'to', 'and', 'to', 'can', 'be', 'found', 'on', 'our', 'websit', 'http', 'gs', 'invoic', 'detail', 'for', 'wmview', 'query', 'referenc', 'period', 'to', 'unit', 'musterkund', 'ag', 'wmview', 'wmprofil', 'and', 'user', 'profiles', 'query', 'segment', 'pric', 'for', 'each', 'query', 'euro', 'query', 'referenc', 'pg']
invoice;['sampl', 'invoic', 'addres', 'addres', 'city', 'stat', 'zip', 'cod', 'michigan', 'avenue', 'suit', 'chicago', 'il', 'invoic', 'work', 'phon', 'fax', 'email', 'id', 'number', 'typ', 'invoic', 'period', 'due', 'pag', 'nom', 'cod', 'description', 'cost', 'qty', 'total', 'membership', 'northern', 'new', 'england', 'chapter', 'total', 'amount', 'billed', 'payment', 's', 'or', 'credit', 's', 'received', 'thank', 'you', 'payment', 's', 'or', 'credit', 's', 'balanc', 'due', 'help', 'apa', 'stay', 'touch', 'your', 'information', 'shown', 'her', 'accurat', 'and', 'complet', 'if', 'not', 'mak', 'correction', 'at', 'or', 'on', 'back', 'payment', 'coupon', 'detach', 'and', 'return', 'with', 'payment', 'disclosur', 'accordanc', 'with', 'postal', 'regulation', 'apa', 'membership', 'dues', 'support', 'planning', 'magazin', 'payment', 'coupon', 'return', 'this', 'coupon', 'with', 'your', 'payment', 'kep', 'top', 'portion', 'for', 'your', 'record', 'your', 'canceled', 'check', 'your', 'receipt', 'to', 'chang', 'your', 'order', 'use', 'back', 'coupon', 'to', 'ask', 'question', 'about', 'your', 'invoic', 'email', 'billing', 'your', 'order', 'period', 'sampl', 'invoic', 'total', 'amount', 'billed', 'payment', 's', 'or', 'credit', 's', 'balanc', 'due', 'contribution', 'to', 'the', 'apa', 'foundation', 'total', 'payment', 'for', 'donation', 'information', 'pleas', 'visit', 'your', 'payment', 'information', 'total', 'payment', 'i', 'enclos', 'a', 'check', 'mak', 'check', 'payabl', 'to', 'apa', 'pleas', 'charg', 'my', 'visa', 'mastercard', 'amex', 'signatur', 'cardnumber', 'expiration', 'cvv', 'cod', 'mail', 'enclosed', 'envelop', 'to', 'american', 'planning', 'association', 'lock', 'box', 'carol', 'stream', 'il', 'fax', 'credit', 'card', 'information', 'to', 'customer', 'servic', 'sampl', 'invoic']
invoice;['abc', 'university', 'offic', 'financ', 'invoic', 'original', 'invoic', 'invoic', 'to', 'harvard', 'university', 'offic', 'sponsored', 'program', 'mas', 'cambridg', 'ma', 'invoic', 'number', 'abc', 'university', 'referenc', 'pte', 'contract', 'number', 'award', 'number', 'project', 'dates', 'project', 'budget', 'to', 'mileston', 'amount', 'performed', 'mileston', 'per', 'subaward', 'agreement', 'number', 'submitted', 'required', 'report', 'to', 'professor', 'x', 'on', 'pleas', 'send', 'remittanc', 'to', 'abc', 'university', 'attn', 'offic', 'financ', 'box', 'boston', 'ma', 'for', 'question', 'pleas', 'contact', 'johannes', 'gutenberg', 'analyst', 'phon', 'email', 'jogu', 'pleas', 'indicat', 'the', 'abc', 'university', 'referenc', 'with', 'payment', 'i', 'certify', 'to', 'the', 'best', 'my', 'knowledg', 'and', 'belief', 'that', 'the', 'report', 'true', 'complet', 'and', 'accurat', 'and', 'the', 'expenditures', 'disbursement', 'and', 'cash', 'receipt', 'are', 'for', 'the', 'purposes', 'and', 'objectives', 'set', 'forth', 'the', 'term', 'and', 'condition', 'the', 'federal', 'award', 'i', 'am', 'awar', 'that', 'any', 'fal', 'fictitious', 'or', 'fraudulent', 'information', 'or', 'the', 'omission', 'any', 'material', 'fact', 'may', 'subject', 'to', 'criminal', 'civil', 'or', 'administrativ', 'penalties', 'for', 'fraud', 'fal', 'statement', 'fal', 'claim', 'or', 'otherwis', 'johannes', 'gutenberg', 'authorized', 'official', 'sampl', 'invoic', 'fixed', 'pric', 'this', 'designed', 'as', 'a', 'training', 'tol', 'and', 'user', 'guid', 'for', 'invoices', 'it', 'intended', 'to', 'support', 'the', 'invoic', 'review', 'checklist', 'by', 'provid', 'additional', 'information', 'and', 'putting', 'the', 'guidanc', 'from', 'the', 'checklist', 'into', 'context', 'roll', 'the', 'gren', 'text', 'to', 'learn', 'mor', 'project', 'titl', 'mic', 'how', 'awesom', 'are', 'they', 'really', 'abc', 'university', 'pi', 'professor', 'x', 'period', 'billed', 'amount', 'now', 'due', 'harvard', 'university', 'subrecipient', 'monitor', 'toolkit', 'sampl', 'invoic', 'fixed', 'pric', 'may', 'pte', 'rollover', 'pte', 'answer', 'award', 'number', 'answer', 'award', 'number', 'rollover', 'project', 'titl', 'rollover', 'project', 'titl', 'answer', 'project', 'period', 'rollover', 'project', 'period', 'answer', 'mileston', 'rollover', 'mileston', 'answer', 'mileston', 'rollover', 'mileston', 'answer', 'billed', 'rollover', 'billed', 'answer', 'certification', 'rollover', 'certification', 'answer', 'ao', 'rollover', 'ao', 'answer']
invoice;['datum', 'april', 'pagina', 'klantnummer', 'factuurnummer', 'vrag', 'ga', 'factur', 'factuuruitleg', 'log', 'my', 'verbruikstatus', 'betaalstatus', 'factur', 'vu', 'haarspitstrat', 'hh', 'purmer', 'nummer', 'ga', 'factuurdetail', 'analyses', 'kostenoverzicht', 'aantal', 'period', 'bedrag', 'total', 'maandkost', 'basis', 'sim', 'internet', 'mb', 'basis', 'bell', 'minut', 'sms', 'gebruikskost', 'buit', 'bundel', 'kost', 'e', 'korting', 'internet', 'mb', 'basis', 'korting', 'euro', 'sam', 'voordel', 'e', 'korting', 'sms', 'total', 'totaalbedrag', 'omstrek', 'mei', 'rekeningnr', 'afgeschrev', 'netherland', 'bv', 'postadres', 'postbus', 'bg', 'den', 'hag', 'fax', 'bank', 'btw', 'nl', 'kvk', 'datum', 'april', 'pagina', 'klantnummer', 'factuurnummer', 'nummer', 'period', 'april', 'specificatie', 'vu', 'datum', 'starttijd', 'typ', 'bestemm', 'land', 'bundel', 'kost', 'vast', 'nummer', 'tel', 'min', 'total', 'vast', 'nummer', 'min', 'nummer', 'tel', 'min', 's', 'tel', 'min', 's', 'tel', 'min', 's', 'tel', 'min', 's', 'total', 'nummer', 'min', 'mobiel', 'nummer', 'tel', 'min', 'tel', 'min', 'tel', 'min', 'tel', 'min', 'tel', 'min', 'tel', 'min', 'tel', 'min', 'tel', 'min', 'tel', 'min', 'tel', 'min', 'tel', 'min', 'tel', 'min', 'tel', 'min', 'tel', 'min', 'tel', 'min', 'tel', 'min', 'tel', 'min', 'tel', 'min', 'tel', 'min', 'tel', 'min', 'tel', 'min', 'tel', 'min', 'tel', 'min', 'total', 'mobiel', 'nummer', 'min', 'kost', 'kolom', 'vall', 'binn', 'maandelijk', 'bundel', 's', 's', 'gesprek', 'nummer', 'binn', 'sam', 'groep', 'vervolg', 'achterzijd', 'datum', 'april', 'pagina', 'klantnummer', 'factuurnummer', 'nummer', 'period', 'april', 'specificatie', 'vu', 'datum', 'starttijd', 'typ', 'bestemm', 'land', 'bundel', 'kost', 'sms', 'total', 'internet', 'data', 'internet', 'kb', 'data', 'internet', 'kb', 'data', 'internet', 'kb', 'data', 'internet', 'kb', 'data', 'internet', 'kb', 'data', 'internet', 'kb', 'data', 'internet', 'kb', 'data', 'internet', 'kb', 'data', 'internet', 'kb', 'data', 'internet', 'kb', 'data', 'internet', 'kb', 'data', 'internet', 'kb', 'data', 'internet', 'kb', 'data', 'internet', 'kb', 'data', 'internet', 'kb', 'data', 'internet', 'kb', 'data', 'internet', 'kb', 'data', 'internet', 'kb', 'data', 'internet', 'kb', 'data', 'internet', 'kb', 'data', 'internet', 'kb', 'data', 'internet', 'kb', 'data', 'internet', 'kb', 'data', 'internet', 'kb', 'data', 'internet', 'kb', 'data', 'internet', 'kb', 'data', 'internet', 'kb', 'data', 'internet', 'kb', 'total', 'internet', 'kb', 'total', 'kost', 'kolom', 'vall', 'binn', 'maandelijk', 'bundel', 's']
invoice;['datum', 'mei', 'pagina', 'klantnummer', 'factuurnummer', 'vrag', 'ga', 'factur', 'factuuruitleg', 'log', 'my', 'verbruikstatus', 'betaalstatus', 'factur', 'vu', 'haarspitstrat', 'hh', 'purmer', 'nummer', 'ga', 'factuurdetail', 'analyses', 'kostenoverzicht', 'aantal', 'period', 'bedrag', 'total', 'maandkost', 'basis', 'sim', 'internet', 'mb', 'basis', 'bell', 'minut', 'sms', 'gebruikskost', 'buit', 'bundel', 'aankop', 'derd', 'partij', 'kost', 'e', 'korting', 'internet', 'mb', 'basis', 'korting', 'euro', 'sam', 'voordel', 'e', 'korting', 'sms', 'total', 'totaalbedrag', 'omstrek', 'juni', 'rekeningnr', 'afgeschrev', 'netherland', 'bv', 'postadres', 'postbus', 'bg', 'den', 'hag', 'fax', 'bank', 'btw', 'nl', 'kvk', 'datum', 'mei', 'pagina', 'klantnummer', 'factuurnummer', 'nummer', 'period', 'mei', 'specificatie', 'vu', 'datum', 'starttijd', 'typ', 'bestemm', 'land', 'bundel', 'kost', 'nummer', 'tel', 'min', 's', 'tel', 'min', 's', 'tel', 'min', 's', 'tel', 'min', 's', 'tel', 'min', 's', 'tel', 'min', 's', 'tel', 'min', 's', 'tel', 'min', 's', 'tel', 'min', 's', 'tel', 'min', 's', 'tel', 'min', 's', 'tel', 'min', 's', 'tel', 'min', 's', 'tel', 'min', 's', 'total', 'nummer', 'min', 'mobiel', 'nummer', 'tel', 'min', 'tel', 'min', 'tel', 'min', 'tel', 'min', 'tel', 'min', 'tel', 'min', 'tel', 'min', 'tel', 'min', 'tel', 'min', 'tel', 'min', 'tel', 'min', 'tel', 'min', 'tel', 'min', 'tel', 'min', 'tel', 'min', 'tel', 'min', 'tel', 'min', 'total', 'mobiel', 'nummer', 'min', 'kost', 'kolom', 'vall', 'binn', 'maandelijk', 'bundel', 's', 's', 'gesprek', 'nummer', 'binn', 'sam', 'groep', 'vervolg', 'achterzijd', 'datum', 'mei', 'pagina', 'klantnummer', 'factuurnummer', 'nummer', 'period', 'mei', 'specificatie', 'vu', 'datum', 'starttijd', 'typ', 'bestemm', 'land', 'bundel', 'kost', 'sms', 'total', 'aankop', 'derd', 'partij', 'appst', 'googl', 'play', 'cytus', 'full', 'version', 'total', 'aankop', 'derd', 'partij', 'internet', 'data', 'internet', 'kb', 'data', 'internet', 'kb', 'data', 'internet', 'kb', 'data', 'internet', 'kb', 'data', 'internet', 'kb', 'data', 'internet', 'kb', 'data', 'internet', 'kb', 'data', 'internet', 'kb', 'data', 'internet', 'kb', 'data', 'internet', 'kb', 'data', 'internet', 'kb', 'data', 'internet', 'kb', 'data', 'internet', 'kb', 'data', 'internet', 'kb', 'data', 'internet', 'kb', 'data', 'internet', 'kb', 'data', 'internet', 'kb', 'data', 'internet', 'kb', 'data', 'internet', 'kb', 'data', 'internet', 'kb', 'data', 'internet', 'kb', 'data', 'internet', 'kb', 'data', 'internet', 'kb', 'data', 'internet', 'kb', 'data', 'internet', 'kb', 'data', 'internet', 'kb', 'total', 'internet', 'kb', 'total', 'kost', 'kolom', 'vall', 'binn', 'maandelijk', 'bundel', 's', 'ga', 'informatie', 'betaald', 'sms', 'dienst']
invoice;['datum', 'juni', 'pagina', 'klantnummer', 'factuurnummer', 'vrag', 'ga', 'factur', 'factuuruitleg', 'log', 'my', 'verbruikstatus', 'betaalstatus', 'factur', 'vu', 'haarspitstrat', 'hh', 'purmer', 'nummer', 'ga', 'factuurdetail', 'analyses', 'kostenoverzicht', 'aantal', 'period', 'bedrag', 'total', 'maandkost', 'basis', 'sim', 'internet', 'mb', 'basis', 'bell', 'minut', 'sms', 'gebruikskost', 'buit', 'bundel', 'video', 'telefonie', 'min', 'kost', 'e', 'korting', 'internet', 'mb', 'basis', 'korting', 'euro', 'sam', 'voordel', 'e', 'korting', 'sms', 'total', 'totaalbedrag', 'omstrek', 'juli', 'rekeningnr', 'afgeschrev', 'netherland', 'bv', 'postadres', 'postbus', 'bg', 'den', 'hag', 'bank', 'btw', 'nl', 'kvk', 'datum', 'juni', 'pagina', 'klantnummer', 'factuurnummer', 'nummer', 'period', 'juni', 'specificatie', 'vu', 'datum', 'starttijd', 'typ', 'bestemm', 'land', 'bundel', 'kost', 'vast', 'nummer', 'tel', 'min', 'total', 'vast', 'nummer', 'min', 'nummer', 'tel', 'min', 's', 'tel', 'min', 's', 'tel', 'min', 's', 'tel', 'min', 's', 'tel', 'min', 's', 'tel', 'min', 's', 'tel', 'min', 's', 'tel', 'min', 's', 'tel', 'min', 's', 'tel', 'min', 's', 'tel', 'min', 's', 'tel', 'min', 's', 'tel', 'min', 's', 'tel', 'min', 's', 'tel', 'min', 's', 'tel', 'min', 'tel', 'min', 's', 'total', 'nummer', 'min', 'mobiel', 'nummer', 'tel', 'min', 'tel', 'min', 'tel', 'min', 'tel', 'min', 'tel', 'min', 'tel', 'min', 'tel', 'min', 'tel', 'min', 'tel', 'min', 'tel', 'min', 'tel', 'min', 'tel', 'min', 'tel', 'min', 'tel', 'min', 'tel', 'min', 'kost', 'kolom', 'vall', 'binn', 'maandelijk', 'bundel', 's', 's', 'gesprek', 'nummer', 'binn', 'sam', 'groep', 'vervolg', 'achterzijd', 'datum', 'juni', 'pagina', 'klantnummer', 'factuurnummer', 'nummer', 'period', 'juni', 'specificatie', 'vu', 'datum', 'starttijd', 'typ', 'bestemm', 'land', 'bundel', 'kost', 'mobiel', 'nummer', 'tel', 'min', 'tel', 'min', 'tel', 'min', 'tel', 'min', 'tel', 'min', 'tel', 'min', 'tel', 'min', 'tel', 'min', 'tel', 'min', 'tel', 'min', 'tel', 'min', 'tel', 'min', 'tel', 'min', 'tel', 'min', 'tel', 'min', 'tel', 'min', 'tel', 'min', 'tel', 'min', 'tel', 'min', 'tel', 'min', 'tel', 'min', 'tel', 'min', 'tel', 'min', 'tel', 'min', 'tel', 'min', 'tel', 'min', 'tel', 'min', 'tel', 'min', 'tel', 'min', 'tel', 'min', 'tel', 'min', 'tel', 'min', 'tel', 'min', 'tel', 'min', 'tel', 'min', 'total', 'mobiel', 'nummer', 'min', 'kost', 'kolom', 'vall', 'binn', 'maandelijk', 'bundel', 's', 'datum', 'juni', 'pagina', 'klantnummer', 'factuurnummer', 'nummer', 'period', 'juni', 'specificatie', 'vu', 'datum', 'starttijd', 'typ', 'bestemm', 'land', 'bundel', 'kost', 'video', 'telefonie', 'video', 'min', 'total', 'video', 'telefonie', 'min', 'intp', 'nl', 'eu', 'total', 'internet', 'data', 'internet', 'kb', 'data', 'internet', 'kb', 'data', 'internet', 'kb', 'data', 'internet', 'kb', 'data', 'internet', 'kb', 'data', 'internet', 'kb', 'data', 'internet', 'kb', 'data', 'internet', 'kb', 'data', 'internet', 'kb', 'data', 'internet', 'kb', 'data', 'internet', 'kb', 'data', 'internet', 'kb', 'data', 'internet', 'kb', 'data', 'internet', 'kb', 'data', 'internet', 'kb', 'data', 'internet', 'kb', 'data', 'internet', 'kb', 'data', 'internet', 'kb', 'data', 'internet', 'kb', 'data', 'internet', 'kb', 'data', 'internet', 'kb', 'data', 'internet', 'kb', 'data', 'internet', 'kb', 'data', 'internet', 'kb', 'data', 'internet', 'kb', 'data', 'internet', 'kb', 'data', 'internet', 'kb', 'data', 'internet', 'kb', 'data', 'internet', 'kb', 'data', 'internet', 'kb', 'data', 'internet', 'kb', 'total', 'internet', 'kb', 'total', 'kost', 'kolom', 'vall', 'binn', 'maandelijk', 'bundel', 's']
invoice;['datum', 'juli', 'pagina', 'klantnummer', 'factuurnummer', 'vrag', 'ga', 'factur', 'factuuruitleg', 'log', 'my', 'verbruikstatus', 'betaalstatus', 'factur', 'vu', 'haarspitstrat', 'hh', 'purmer', 'nummer', 'ga', 'factuurdetail', 'analyses', 'kostenoverzicht', 'aantal', 'period', 'bedrag', 'total', 'maandkost', 'basis', 'sim', 'internet', 'mb', 'basis', 'bell', 'minut', 'sms', 'gebruikskost', 'buit', 'bundel', 'kost', 'e', 'korting', 'internet', 'mb', 'basis', 'korting', 'euro', 'sam', 'voordel', 'e', 'korting', 'sms', 'total', 'totaalbedrag', 'omstrek', 'augustus', 'rekeningnr', 'afgeschrev', 'netherland', 'bv', 'postadres', 'postbus', 'bg', 'den', 'hag', 'bank', 'btw', 'nl', 'kvk', 'datum', 'juli', 'pagina', 'klantnummer', 'factuurnummer', 'nummer', 'period', 'juli', 'specificatie', 'vu', 'datum', 'starttijd', 'typ', 'bestemm', 'land', 'bundel', 'kost', 'nummer', 'tel', 'min', 's', 'tel', 'min', 's', 'tel', 'min', 'tel', 'min', 's', 'tel', 'min', 's', 'tel', 'min', 's', 'tel', 'min', 's', 'tel', 'min', 's', 'tel', 'min', 'tel', 'min', 's', 'tel', 'min', 's', 'total', 'nummer', 'min', 'mobiel', 'nummer', 'tel', 'min', 'tel', 'min', 'tel', 'min', 'tel', 'min', 'tel', 'min', 'tel', 'min', 'tel', 'min', 'tel', 'min', 'tel', 'min', 'tel', 'min', 'tel', 'min', 'tel', 'min', 'tel', 'min', 'tel', 'min', 'tel', 'min', 'tel', 'min', 'tel', 'min', 'tel', 'min', 'tel', 'min', 'tel', 'min', 'tel', 'min', 'tel', 'min', 'tel', 'min', 'tel', 'min', 'tel', 'min', 'total', 'mobiel', 'nummer', 'min', 'kost', 'kolom', 'vall', 'binn', 'maandelijk', 'bundel', 's', 's', 'gesprek', 'nummer', 'binn', 'sam', 'groep', 'vervolg', 'achterzijd', 'datum', 'juli', 'pagina', 'klantnummer', 'factuurnummer', 'nummer', 'period', 'juli', 'specificatie', 'vu', 'datum', 'starttijd', 'typ', 'bestemm', 'land', 'bundel', 'kost', 'internet', 'data', 'internet', 'kb', 'data', 'internet', 'kb', 'data', 'internet', 'kb', 'data', 'internet', 'kb', 'data', 'internet', 'kb', 'data', 'internet', 'kb', 'data', 'internet', 'kb', 'data', 'internet', 'kb', 'data', 'internet', 'kb', 'data', 'internet', 'kb', 'data', 'internet', 'kb', 'data', 'internet', 'kb', 'data', 'internet', 'kb', 'data', 'internet', 'kb', 'data', 'internet', 'kb', 'data', 'internet', 'kb', 'data', 'internet', 'kb', 'data', 'internet', 'kb', 'data', 'internet', 'kb', 'data', 'internet', 'kb', 'data', 'internet', 'kb', 'data', 'internet', 'kb', 'data', 'internet', 'kb', 'data', 'internet', 'kb', 'data', 'internet', 'kb', 'data', 'internet', 'kb', 'data', 'internet', 'kb', 'data', 'internet', 'kb', 'data', 'internet', 'kb', 'data', 'internet', 'kb', 'data', 'internet', 'kb', 'data', 'internet', 'kb', 'data', 'internet', 'kb', 'total', 'internet', 'kb', 'total', 'kost', 'kolom', 'vall', 'binn', 'maandelijk', 'bundel', 's']
invoice;['datum', 'januari', 'pagina', 'klantnummer', 'factuurnummer', 'vrag', 'ga', 'factur', 'factuuruitleg', 'log', 'my', 'verbruikstatus', 'betaalstatus', 'factur', 'vu', 'haarspitstrat', 'hh', 'purmer', 'nummer', 'ga', 'factuurdetail', 'analyses', 'kostenoverzicht', 'aantal', 'period', 'bedrag', 'total', 'maandkost', 'basis', 'sim', 'internet', 'mb', 'basis', 'bell', 'minut', 'sms', 'gebruikskost', 'buit', 'bundel', 'kost', 'e', 'korting', 'internet', 'mb', 'basis', 'korting', 'euro', 'sam', 'voordel', 'e', 'korting', 'sms', 'total', 'totaalbedrag', 'omstrek', 'februari', 'rekeningnr', 'afgeschrev', 'aanpass', 'maandkost', 'gevolg', 'inflatie', 'past', 'jaarlijk', 'januari', 'maandkost', 'abonnement', 'gevolg', 'inflatie', 'inflatiepercentag', 'bepaald', 'cbs', 'vastgesteld', 'maandkost', 'per', 'januari', 'percentag', 'verhoogd', 'kijk', 'informatie', 'netherland', 'bv', 'postadres', 'postbus', 'bg', 'den', 'hag', 'bank', 'btw', 'nl', 'kvk', 'datum', 'januari', 'pagina', 'klantnummer', 'factuurnummer', 'nummer', 'period', 'januari', 'specificatie', 'vu', 'datum', 'starttijd', 'typ', 'bestemm', 'land', 'bundel', 'kost', 'nummer', 'tel', 'min', 's', 'tel', 'min', 'tel', 'min', 'tel', 'min', 'total', 'nummer', 'min', 'mobiel', 'nummer', 'tel', 'min', 'tel', 'min', 'tel', 'min', 'tel', 'min', 'tel', 'min', 'tel', 'min', 'tel', 'min', 'tel', 'min', 'tel', 'min', 'tel', 'min', 'tel', 'min', 'tel', 'min', 'tel', 'min', 'tel', 'min', 'total', 'mobiel', 'nummer', 'min', 'sms', 'total', 'internet', 'data', 'internet', 'kb', 'data', 'internet', 'kb', 'data', 'internet', 'kb', 'data', 'internet', 'kb', 'data', 'internet', 'kb', 'data', 'internet', 'kb', 'data', 'internet', 'kb', 'data', 'internet', 'kb', 'data', 'internet', 'kb', 'data', 'internet', 'kb', 'data', 'internet', 'kb', 'kost', 'kolom', 'vall', 'binn', 'maandelijk', 'bundel', 's', 's', 'gesprek', 'nummer', 'binn', 'sam', 'groep', 'vervolg', 'achterzijd', 'datum', 'januari', 'pagina', 'klantnummer', 'factuurnummer', 'nummer', 'period', 'januari', 'specificatie', 'vu', 'datum', 'starttijd', 'typ', 'bestemm', 'land', 'bundel', 'kost', 'internet', 'data', 'internet', 'kb', 'data', 'internet', 'kb', 'data', 'internet', 'kb', 'data', 'internet', 'kb', 'data', 'internet', 'kb', 'data', 'internet', 'kb', 'data', 'internet', 'kb', 'data', 'internet', 'kb', 'data', 'internet', 'kb', 'data', 'internet', 'kb', 'data', 'internet', 'kb', 'data', 'internet', 'kb', 'data', 'internet', 'kb', 'data', 'internet', 'kb', 'data', 'internet', 'kb', 'data', 'internet', 'kb', 'data', 'internet', 'kb', 'data', 'internet', 'kb', 'data', 'internet', 'kb', 'data', 'internet', 'kb', 'total', 'internet', 'kb', 'total', 'kost', 'kolom', 'vall', 'binn', 'maandelijk', 'bundel', 's']
invoice;['datum', 'maart', 'pagina', 'klantnummer', 'factuurnummer', 'vrag', 'ga', 'factur', 'factuuruitleg', 'log', 'my', 'verbruikstatus', 'betaalstatus', 'factur', 'vu', 'haarspitstrat', 'hh', 'purmer', 'nummer', 'ga', 'factuurdetail', 'analyses', 'kostenoverzicht', 'aantal', 'period', 'bedrag', 'total', 'maandkost', 'basis', 'sim', 'internet', 'mb', 'basis', 'bell', 'minut', 'sms', 'gebruikskost', 'buit', 'bundel', 'kost', 'e', 'korting', 'internet', 'mb', 'basis', 'korting', 'euro', 'sam', 'voordel', 'e', 'korting', 'sms', 'total', 'totaalbedrag', 'omstrek', 'april', 'rekeningnr', 'afgeschrev', 'netherland', 'bv', 'postadres', 'postbus', 'bg', 'den', 'hag', 'bank', 'btw', 'nl', 'kvk', 'datum', 'maart', 'pagina', 'klantnummer', 'factuurnummer', 'nummer', 'period', 'maart', 'specificatie', 'vu', 'datum', 'starttijd', 'typ', 'bestemm', 'land', 'bundel', 'kost', 'nummer', 'tel', 'min', 's', 'tel', 'min', 's', 'total', 'nummer', 'min', 'mobiel', 'nummer', 'tel', 'min', 'tel', 'min', 'tel', 'min', 'tel', 'min', 'tel', 'min', 'tel', 'min', 'tel', 'min', 'tel', 'min', 'total', 'mobiel', 'nummer', 'min', 'internet', 'data', 'internet', 'kb', 'data', 'internet', 'kb', 'data', 'internet', 'kb', 'data', 'internet', 'kb', 'data', 'internet', 'kb', 'data', 'internet', 'kb', 'data', 'internet', 'kb', 'data', 'internet', 'kb', 'data', 'internet', 'kb', 'data', 'internet', 'kb', 'data', 'internet', 'kb', 'data', 'internet', 'kb', 'data', 'internet', 'kb', 'data', 'internet', 'kb', 'data', 'internet', 'kb', 'data', 'internet', 'kb', 'data', 'internet', 'kb', 'data', 'internet', 'kb', 'data', 'internet', 'kb', 'data', 'internet', 'kb', 'data', 'internet', 'kb', 'data', 'internet', 'kb', 'data', 'internet', 'kb', 'kost', 'kolom', 'vall', 'binn', 'maandelijk', 'bundel', 's', 's', 'gesprek', 'nummer', 'binn', 'sam', 'groep', 'vervolg', 'achterzijd', 'datum', 'maart', 'pagina', 'klantnummer', 'factuurnummer', 'nummer', 'period', 'maart', 'specificatie', 'vu', 'datum', 'starttijd', 'typ', 'bestemm', 'land', 'bundel', 'kost', 'internet', 'data', 'internet', 'kb', 'data', 'internet', 'kb', 'data', 'internet', 'kb', 'data', 'internet', 'kb', 'total', 'internet', 'kb', 'total', 'kost', 'kolom', 'vall', 'binn', 'maandelijk', 'bundel', 's']
invoice;['datum', 'april', 'pagina', 'klantnummer', 'factuurnummer', 'vrag', 'ga', 'factur', 'factuuruitleg', 'log', 'my', 'verbruikstatus', 'betaalstatus', 'factur', 'vu', 'haarspitstrat', 'hh', 'purmer', 'nummer', 'ga', 'factuurdetail', 'analyses', 'kostenoverzicht', 'aantal', 'period', 'bedrag', 'total', 'maandkost', 'basis', 'sim', 'internet', 'mb', 'basis', 'bell', 'minut', 'sms', 'gebruikskost', 'buit', 'bundel', 'kost', 'e', 'korting', 'internet', 'mb', 'basis', 'korting', 'euro', 'sam', 'voordel', 'e', 'korting', 'sms', 'total', 'totaalbedrag', 'omstrek', 'mei', 'rekeningnr', 'afgeschrev', 'gewijzigd', 'tariev', 'bell', 'eu', 'vanaf', 'mei', 'verlag', 'wij', 'tariev', 'bell', 'vanuit', 'nederland', 'kijk', 'informatie', 'https', 'netherland', 'bv', 'postadres', 'postbus', 'bg', 'den', 'hag', 'bank', 'btw', 'nl', 'kvk', 'datum', 'april', 'pagina', 'klantnummer', 'factuurnummer', 'nummer', 'period', 'april', 'specificatie', 'vu', 'datum', 'starttijd', 'typ', 'bestemm', 'land', 'bundel', 'kost', 'vast', 'nummer', 'tel', 'min', 'total', 'vast', 'nummer', 'min', 'nummer', 'tel', 'min', 's', 'total', 'nummer', 'min', 'mobiel', 'nummer', 'tel', 'min', 'tel', 'min', 'tel', 'min', 'tel', 'min', 'tel', 'min', 'tel', 'min', 'tel', 'min', 'tel', 'min', 'tel', 'min', 'tel', 'min', 'tel', 'min', 'tel', 'min', 'tel', 'min', 'tel', 'min', 'tel', 'min', 'tel', 'min', 'tel', 'min', 'tel', 'min', 'total', 'mobiel', 'nummer', 'min', 'internet', 'data', 'internet', 'kb', 'data', 'internet', 'kb', 'data', 'internet', 'kb', 'data', 'internet', 'kb', 'data', 'internet', 'kb', 'data', 'internet', 'kb', 'data', 'internet', 'kb', 'data', 'internet', 'kb', 'data', 'internet', 'kb', 'data', 'internet', 'kb', 'kost', 'kolom', 'vall', 'binn', 'maandelijk', 'bundel', 's', 's', 'gesprek', 'nummer', 'binn', 'sam', 'groep', 'vervolg', 'achterzijd', 'datum', 'april', 'pagina', 'klantnummer', 'factuurnummer', 'nummer', 'period', 'april', 'specificatie', 'vu', 'datum', 'starttijd', 'typ', 'bestemm', 'land', 'bundel', 'kost', 'internet', 'data', 'internet', 'kb', 'data', 'internet', 'kb', 'data', 'internet', 'kb', 'data', 'internet', 'kb', 'data', 'internet', 'kb', 'data', 'internet', 'kb', 'data', 'internet', 'kb', 'data', 'internet', 'kb', 'data', 'internet', 'kb', 'data', 'internet', 'kb', 'data', 'internet', 'kb', 'data', 'internet', 'kb', 'data', 'internet', 'kb', 'data', 'internet', 'kb', 'data', 'internet', 'kb', 'data', 'internet', 'kb', 'data', 'internet', 'kb', 'data', 'internet', 'kb', 'data', 'internet', 'kb', 'data', 'internet', 'kb', 'data', 'internet', 'kb', 'total', 'internet', 'kb', 'total', 'kost', 'kolom', 'vall', 'binn', 'maandelijk', 'bundel', 's']
invoice;['datum', 'mei', 'pagina', 'klantnummer', 'factuurnummer', 'vrag', 'ga', 'factur', 'factuuruitleg', 'log', 'my', 'verbruikstatus', 'betaalstatus', 'factur', 'vu', 'haarspitstrat', 'hh', 'purmer', 'nummer', 'ga', 'factuurdetail', 'analyses', 'kostenoverzicht', 'aantal', 'period', 'bedrag', 'total', 'maandkost', 'basis', 'sim', 'internet', 'mb', 'basis', 'bell', 'minut', 'sms', 'gebruikskost', 'buit', 'bundel', 'kost', 'e', 'korting', 'internet', 'mb', 'basis', 'korting', 'euro', 'sam', 'voordel', 'e', 'korting', 'sms', 'total', 'totaalbedrag', 'omstrek', 'juni', 'rekeningnr', 'afgeschrev', 'netherland', 'bv', 'postadres', 'postbus', 'bg', 'den', 'hag', 'bank', 'btw', 'nl', 'kvk', 'datum', 'mei', 'pagina', 'klantnummer', 'factuurnummer', 'nummer', 'period', 'mei', 'specificatie', 'vu', 'datum', 'starttijd', 'typ', 'bestemm', 'land', 'bundel', 'kost', 'vast', 'nummer', 'tel', 'min', 'tel', 'min', 'tel', 'min', 'tel', 'voicemail', 'min', 'tel', 'voicemail', 'min', 'tel', 'voicemail', 'min', 'tel', 'min', 'total', 'vast', 'nummer', 'min', 'nummer', 'tel', 'min', 's', 'tel', 'min', 's', 'tel', 'min', 'tel', 'min', 's', 'tel', 'min', 's', 'tel', 'min', 's', 'tel', 'min', 's', 'total', 'nummer', 'min', 'mobiel', 'nummer', 'tel', 'min', 'tel', 'min', 'tel', 'min', 'tel', 'min', 'tel', 'min', 'tel', 'min', 'tel', 'min', 'tel', 'min', 'tel', 'min', 'tel', 'min', 'total', 'mobiel', 'nummer', 'min', 'internet', 'data', 'internet', 'kb', 'data', 'internet', 'kb', 'data', 'internet', 'kb', 'data', 'internet', 'kb', 'data', 'internet', 'kb', 'data', 'internet', 'kb', 'kost', 'kolom', 'vall', 'binn', 'maandelijk', 'bundel', 's', 's', 'gesprek', 'nummer', 'binn', 'sam', 'groep', 'vervolg', 'achterzijd', 'datum', 'mei', 'pagina', 'klantnummer', 'factuurnummer', 'nummer', 'period', 'mei', 'specificatie', 'vu', 'datum', 'starttijd', 'typ', 'bestemm', 'land', 'bundel', 'kost', 'internet', 'data', 'internet', 'kb', 'data', 'internet', 'kb', 'data', 'internet', 'kb', 'data', 'internet', 'kb', 'data', 'internet', 'kb', 'data', 'internet', 'kb', 'data', 'internet', 'kb', 'data', 'internet', 'kb', 'data', 'internet', 'kb', 'data', 'internet', 'kb', 'data', 'internet', 'kb', 'data', 'internet', 'kb', 'data', 'internet', 'kb', 'data', 'internet', 'kb', 'data', 'internet', 'kb', 'data', 'internet', 'kb', 'data', 'internet', 'kb', 'data', 'internet', 'kb', 'data', 'internet', 'kb', 'data', 'internet', 'kb', 'data', 'internet', 'kb', 'data', 'internet', 'kb', 'data', 'internet', 'kb', 'data', 'internet', 'kb', 'total', 'internet', 'kb', 'total', 'kost', 'kolom', 'vall', 'binn', 'maandelijk', 'bundel', 's']
invoice;['datum', 'juni', 'pagina', 'klantnummer', 'factuurnummer', 'vrag', 'ga', 'factur', 'factuuruitleg', 'log', 'my', 'verbruikstatus', 'betaalstatus', 'factur', 'vu', 'haarspitstrat', 'hh', 'purmer', 'nummer', 'ga', 'factuurdetail', 'analyses', 'kostenoverzicht', 'aantal', 'period', 'bedrag', 'total', 'maandkost', 'basis', 'sim', 'internet', 'mb', 'basis', 'bell', 'minut', 'sms', 'gebruikskost', 'buit', 'bundel', 'kost', 'e', 'korting', 'internet', 'mb', 'basis', 'korting', 'euro', 'sam', 'voordel', 'e', 'korting', 'sms', 'total', 'totaalbedrag', 'omstrek', 'juli', 'rekeningnr', 'afgeschrev', 'netherland', 'bv', 'postadres', 'postbus', 'bg', 'den', 'hag', 'bank', 'btw', 'nl', 'kvk', 'datum', 'juni', 'pagina', 'klantnummer', 'factuurnummer', 'nummer', 'period', 'juni', 'specificatie', 'vu', 'datum', 'starttijd', 'typ', 'bestemm', 'land', 'bundel', 'kost', 'nummer', 'tel', 'min', 's', 'tel', 'min', 's', 'tel', 'min', 's', 'tel', 'min', 's', 'tel', 'min', 's', 'tel', 'min', 's', 'tel', 'min', 's', 'total', 'nummer', 'min', 'mobiel', 'nummer', 'tel', 'min', 'tel', 'min', 'tel', 'min', 'tel', 'min', 'tel', 'min', 'tel', 'min', 'tel', 'min', 'tel', 'min', 'total', 'mobiel', 'nummer', 'min', 'internet', 'data', 'internet', 'kb', 'data', 'internet', 'kb', 'data', 'internet', 'kb', 'data', 'internet', 'kb', 'data', 'internet', 'kb', 'data', 'internet', 'kb', 'data', 'internet', 'kb', 'data', 'internet', 'kb', 'data', 'internet', 'kb', 'data', 'internet', 'kb', 'data', 'internet', 'kb', 'data', 'internet', 'kb', 'data', 'internet', 'kb', 'data', 'internet', 'kb', 'data', 'internet', 'kb', 'data', 'internet', 'kb', 'data', 'internet', 'kb', 'data', 'internet', 'kb', 'kost', 'kolom', 'vall', 'binn', 'maandelijk', 'bundel', 's', 's', 'gesprek', 'nummer', 'binn', 'sam', 'groep', 'vervolg', 'achterzijd', 'datum', 'juni', 'pagina', 'klantnummer', 'factuurnummer', 'nummer', 'period', 'juni', 'specificatie', 'vu', 'datum', 'starttijd', 'typ', 'bestemm', 'land', 'bundel', 'kost', 'internet', 'data', 'internet', 'kb', 'data', 'internet', 'kb', 'data', 'internet', 'kb', 'data', 'internet', 'kb', 'data', 'internet', 'kb', 'data', 'internet', 'kb', 'data', 'internet', 'kb', 'data', 'internet', 'kb', 'data', 'internet', 'kb', 'data', 'internet', 'kb', 'data', 'internet', 'kb', 'data', 'internet', 'kb', 'data', 'internet', 'kb', 'total', 'internet', 'kb', 'total', 'kost', 'kolom', 'vall', 'binn', 'maandelijk', 'bundel', 's']
invoice;['datum', 'juli', 'pagina', 'klantnummer', 'factuurnummer', 'vrag', 'ga', 'factur', 'factuuruitleg', 'log', 'my', 'verbruikstatus', 'betaalstatus', 'factur', 'vu', 'haarspitstrat', 'hh', 'purmer', 'nummer', 'ga', 'factuurdetail', 'analyses', 'kostenoverzicht', 'aantal', 'period', 'bedrag', 'total', 'maandkost', 'go', 'gb', 'min', 'bell', 'gebruikskost', 'buit', 'bundel', 'kost', 'e', 'korting', 'gb', 'min', 'bell', 'total', 'totaalbedrag', 'omstrek', 'augustus', 'rekeningnr', 'afgeschrev', 'netherland', 'bv', 'postadres', 'postbus', 'bg', 'den', 'hag', 'bank', 'btw', 'nl', 'kvk', 'datum', 'juli', 'pagina', 'klantnummer', 'factuurnummer', 'nummer', 'period', 'juli', 'specificatie', 'vu', 'datum', 'starttijd', 'typ', 'bestemm', 'land', 'bundel', 'kost', 'nummer', 'tel', 'min', 's', 'tel', 'min', 's', 'tel', 'min', 's', 'tel', 'min', 'tel', 'min', 's', 'tel', 'min', 's', 'tel', 'min', 's', 'tel', 'min', 's', 'tel', 'min', 's', 'tel', 'min', 'tel', 'min', 's', 'tel', 'min', 's', 'tel', 'min', 's', 'tel', 'min', 's', 'tel', 'min', 's', 'tel', 'min', 's', 'total', 'nummer', 'min', 'mobiel', 'nummer', 'tel', 'min', 'tel', 'min', 'tel', 'min', 'tel', 'min', 'tel', 'min', 'tel', 'min', 'tel', 'min', 'tel', 'min', 'tel', 'min', 'tel', 'min', 'tel', 'min', 'tel', 'min', 'tel', 'min', 'tel', 'min', 'tel', 'min', 'tel', 'min', 'tel', 'min', 'tel', 'min', 'tel', 'min', 'total', 'mobiel', 'nummer', 'min', 'kost', 'kolom', 'vall', 'binn', 'maandelijk', 'bundel', 's', 's', 'gesprek', 'nummer', 'binn', 'sam', 'groep', 'vervolg', 'achterzijd', 'datum', 'juli', 'pagina', 'klantnummer', 'factuurnummer', 'nummer', 'period', 'juli', 'specificatie', 'vu', 'datum', 'starttijd', 'typ', 'bestemm', 'land', 'bundel', 'kost', 'sms', 'sms', 'sms', 'sms', 'sms', 'sms', 'total', 'internet', 'data', 'internet', 'kb', 'data', 'internet', 'kb', 'data', 'internet', 'kb', 'data', 'internet', 'kb', 'data', 'internet', 'kb', 'data', 'internet', 'kb', 'data', 'internet', 'kb', 'data', 'internet', 'kb', 'data', 'internet', 'kb', 'data', 'internet', 'kb', 'data', 'internet', 'kb', 'data', 'internet', 'kb', 'data', 'internet', 'kb', 'data', 'internet', 'kb', 'data', 'internet', 'kb', 'data', 'internet', 'kb', 'data', 'internet', 'kb', 'data', 'internet', 'kb', 'data', 'internet', 'kb', 'data', 'internet', 'kb', 'data', 'internet', 'kb', 'data', 'internet', 'kb', 'data', 'internet', 'kb', 'total', 'internet', 'kb', 'total', 'kost', 'kolom', 'vall', 'binn', 'maandelijk', 'bundel', 's']
invoice;['datum', 'augustus', 'pagina', 'klantnummer', 'factuurnummer', 'vrag', 'ga', 'factur', 'factuuruitleg', 'log', 'my', 'verbruikstatus', 'betaalstatus', 'factur', 'vu', 'haarspitstrat', 'hh', 'purmer', 'nummer', 'ga', 'factuurdetail', 'analyses', 'kostenoverzicht', 'aantal', 'period', 'bedrag', 'total', 'maandkost', 'go', 'gb', 'min', 'bell', 'gebruikskost', 'buit', 'bundel', 'go', 'kost', 'e', 'korting', 'gb', 'min', 'bell', 'total', 'totaalbedrag', 'omstrek', 'september', 'rekeningnr', 'afgeschrev', 'netherland', 'bv', 'postadres', 'postbus', 'bg', 'den', 'hag', 'bank', 'btw', 'nl', 'kvk', 'datum', 'augustus', 'pagina', 'klantnummer', 'factuurnummer', 'nummer', 'period', 'augustus', 'specificatie', 'vu', 'datum', 'starttijd', 'typ', 'bestemm', 'land', 'bundel', 'kost', 'vast', 'nummer', 'tel', 'min', 'total', 'vast', 'nummer', 'min', 'nummer', 'tel', 'min', 'tel', 'min', 'tel', 'min', 'tel', 'min', 'tel', 'min', 'tel', 'min', 'total', 'nummer', 'min', 'mobiel', 'nummer', 'tel', 'min', 'tel', 'min', 'tel', 'min', 'tel', 'min', 'tel', 'min', 'tel', 'min', 'tel', 'min', 'tel', 'min', 'tel', 'min', 'tel', 'min', 'tel', 'min', 'tel', 'min', 'tel', 'min', 'total', 'mobiel', 'nummer', 'min', 'intp', 'internet', 'lag', 'snelheid', 'nl', 'eu', 'intp', 'unlimited', 'data', 'for', 'a', 'day', 'nl', 'total', 'internet', 'data', 'internet', 'kb', 'data', 'internet', 'kb', 'data', 'internet', 'kb', 'data', 'internet', 'kb', 'data', 'internet', 'kb', 'kost', 'kolom', 'vall', 'binn', 'maandelijk', 'bundel', 's', 'vervolg', 'achterzijd', 'datum', 'augustus', 'pagina', 'klantnummer', 'factuurnummer', 'nummer', 'period', 'augustus', 'specificatie', 'vu', 'datum', 'starttijd', 'typ', 'bestemm', 'land', 'bundel', 'kost', 'internet', 'data', 'internet', 'kb', 'data', 'internet', 'kb', 'data', 'internet', 'kb', 'data', 'internet', 'kb', 'data', 'internet', 'kb', 'data', 'internet', 'kb', 'data', 'internet', 'kb', 'data', 'internet', 'kb', 'data', 'internet', 'kb', 'data', 'internet', 'kb', 'data', 'internet', 'kb', 'data', 'internet', 'kb', 'data', 'internet', 'kb', 'data', 'internet', 'kb', 'data', 'internet', 'kb', 'data', 'internet', 'kb', 'data', 'internet', 'kb', 'data', 'internet', 'kb', 'data', 'internet', 'kb', 'data', 'internet', 'kb', 'data', 'internet', 'kb', 'data', 'internet', 'kb', 'data', 'internet', 'kb', 'total', 'internet', 'kb', 'bell', 'buitenland', 'tel', 'spanj', 'min', 'tel', 'spanj', 'min', 'tel', 'spanj', 'min', 'tel', 'spanj', 'min', 'tel', 'spanj', 'min', 'total', 'bell', 'buitenland', 'min', 'gebeld', 'buitenland', 'tel', 'spanj', 'min', 'tel', 'spanj', 'min', 'tel', 'spanj', 'min', 'tel', 'spanj', 'min', 'tel', 'spanj', 'min', 'kost', 'kolom', 'vall', 'binn', 'maandelijk', 'bundel', 's', 'datum', 'augustus', 'pagina', 'klantnummer', 'factuurnummer', 'nummer', 'period', 'augustus', 'specificatie', 'vu', 'datum', 'starttijd', 'typ', 'bestemm', 'land', 'bundel', 'kost', 'gebeld', 'buitenland', 'tel', 'spanj', 'min', 'tel', 'spanj', 'min', 'total', 'gebeld', 'buitenland', 'min', 'internet', 'buitenland', 'data', 'internet', 'spanj', 'kb', 'data', 'internet', 'spanj', 'kb', 'data', 'internet', 'spanj', 'kb', 'data', 'internet', 'spanj', 'kb', 'data', 'internet', 'spanj', 'kb', 'data', 'internet', 'spanj', 'kb', 'data', 'internet', 'spanj', 'kb', 'data', 'internet', 'spanj', 'kb', 'data', 'internet', 'spanj', 'kb', 'data', 'internet', 'spanj', 'kb', 'total', 'internet', 'buitenland', 'kb', 'total', 'kost', 'kolom', 'vall', 'binn', 'maandelijk', 'bundel', 's']
invoice;['datum', 'september', 'pagina', 'klantnummer', 'factuurnummer', 'vrag', 'ga', 'factur', 'factuuruitleg', 'log', 'my', 'verbruikstatus', 'betaalstatus', 'factur', 'vu', 'haarspitstrat', 'hh', 'purmer', 'nummer', 'ga', 'factuurdetail', 'analyses', 'kostenoverzicht', 'aantal', 'period', 'bedrag', 'total', 'maandkost', 'go', 'gb', 'min', 'bell', 'gebruikskost', 'buit', 'bundel', 'go', 'kost', 'e', 'korting', 'gb', 'min', 'bell', 'total', 'totaalbedrag', 'omstrek', 'oktober', 'rekeningnr', 'afgeschrev', 'netherland', 'bv', 'postadres', 'postbus', 'bg', 'den', 'hag', 'bank', 'btw', 'nl', 'kvk', 'datum', 'september', 'pagina', 'klantnummer', 'factuurnummer', 'nummer', 'period', 'september', 'specificatie', 'vu', 'datum', 'starttijd', 'typ', 'bestemm', 'land', 'bundel', 'kost', 'vast', 'nummer', 'tel', 'min', 'total', 'vast', 'nummer', 'min', 'nummer', 'tel', 'min', 'tel', 'min', 'tel', 'min', 'tel', 'min', 'total', 'nummer', 'min', 'mobiel', 'nummer', 'tel', 'min', 'tel', 'min', 'tel', 'min', 'tel', 'min', 'tel', 'min', 'tel', 'min', 'tel', 'min', 'tel', 'min', 'tel', 'min', 'total', 'mobiel', 'nummer', 'min', 'internet', 'data', 'internet', 'kb', 'data', 'internet', 'kb', 'data', 'internet', 'kb', 'data', 'internet', 'kb', 'data', 'internet', 'kb', 'data', 'internet', 'kb', 'data', 'internet', 'kb', 'data', 'internet', 'kb', 'data', 'internet', 'kb', 'data', 'internet', 'kb', 'data', 'internet', 'kb', 'data', 'internet', 'kb', 'data', 'internet', 'kb', 'data', 'internet', 'kb', 'data', 'internet', 'kb', 'data', 'internet', 'kb', 'kost', 'kolom', 'vall', 'binn', 'maandelijk', 'bundel', 's', 'vervolg', 'achterzijd', 'datum', 'september', 'pagina', 'klantnummer', 'factuurnummer', 'nummer', 'period', 'september', 'specificatie', 'vu', 'datum', 'starttijd', 'typ', 'bestemm', 'land', 'bundel', 'kost', 'internet', 'data', 'internet', 'kb', 'data', 'internet', 'kb', 'data', 'internet', 'kb', 'data', 'internet', 'kb', 'data', 'internet', 'kb', 'data', 'internet', 'kb', 'data', 'internet', 'kb', 'data', 'internet', 'kb', 'data', 'internet', 'kb', 'data', 'internet', 'kb', 'data', 'internet', 'kb', 'data', 'internet', 'kb', 'data', 'internet', 'kb', 'data', 'internet', 'kb', 'total', 'internet', 'kb', 'total', 'kost', 'kolom', 'vall', 'binn', 'maandelijk', 'bundel', 's']
invoice;['datum', 'oktober', 'pagina', 'klantnummer', 'factuurnummer', 'vrag', 'ga', 'factur', 'factuuruitleg', 'log', 'my', 'verbruikstatus', 'betaalstatus', 'factur', 'vu', 'haarspitstrat', 'hh', 'purmer', 'nummer', 'ga', 'factuurdetail', 'analyses', 'kostenoverzicht', 'aantal', 'period', 'bedrag', 'total', 'maandkost', 'go', 'gb', 'min', 'bell', 'gebruikskost', 'buit', 'bundel', 'go', 'kost', 'e', 'korting', 'gb', 'min', 'bell', 'total', 'totaalbedrag', 'omstrek', 'november', 'rekeningnr', 'afgeschrev', 'netherland', 'bv', 'postadres', 'postbus', 'bg', 'den', 'hag', 'bank', 'btw', 'nl', 'kvk', 'datum', 'oktober', 'pagina', 'klantnummer', 'factuurnummer', 'nummer', 'period', 'oktober', 'specificatie', 'vu', 'datum', 'starttijd', 'typ', 'bestemm', 'land', 'bundel', 'kost', 'nummer', 'tel', 'min', 'tel', 'min', 'tel', 'min', 'tel', 'min', 'tel', 'min', 'tel', 'min', 'tel', 'min', 'total', 'nummer', 'min', 'mobiel', 'nummer', 'tel', 'min', 'tel', 'min', 'tel', 'min', 'tel', 'min', 'tel', 'min', 'tel', 'min', 'tel', 'min', 'total', 'mobiel', 'nummer', 'min', 'internet', 'data', 'internet', 'kb', 'data', 'internet', 'kb', 'data', 'internet', 'kb', 'data', 'internet', 'kb', 'data', 'internet', 'kb', 'data', 'internet', 'kb', 'data', 'internet', 'kb', 'data', 'internet', 'kb', 'data', 'internet', 'kb', 'data', 'internet', 'kb', 'data', 'internet', 'kb', 'data', 'internet', 'kb', 'data', 'internet', 'kb', 'data', 'internet', 'kb', 'data', 'internet', 'kb', 'data', 'internet', 'kb', 'data', 'internet', 'kb', 'data', 'internet', 'kb', 'data', 'internet', 'kb', 'kost', 'kolom', 'vall', 'binn', 'maandelijk', 'bundel', 's', 'vervolg', 'achterzijd', 'datum', 'oktober', 'pagina', 'klantnummer', 'factuurnummer', 'nummer', 'period', 'oktober', 'specificatie', 'vu', 'datum', 'starttijd', 'typ', 'bestemm', 'land', 'bundel', 'kost', 'internet', 'data', 'internet', 'kb', 'data', 'internet', 'kb', 'data', 'internet', 'kb', 'data', 'internet', 'kb', 'data', 'internet', 'kb', 'data', 'internet', 'kb', 'data', 'internet', 'kb', 'data', 'internet', 'kb', 'data', 'internet', 'kb', 'data', 'internet', 'kb', 'total', 'internet', 'kb', 'total', 'kost', 'kolom', 'vall', 'binn', 'maandelijk', 'bundel', 's']
invoice;['datum', 'november', 'pagina', 'klantnummer', 'factuurnummer', 'vrag', 'ga', 'factur', 'factuuruitleg', 'log', 'my', 'verbruikstatus', 'betaalstatus', 'factur', 'vu', 'haarspitstrat', 'hh', 'purmer', 'nummer', 'ga', 'factuurdetail', 'analyses', 'kostenoverzicht', 'aantal', 'period', 'bedrag', 'total', 'maandkost', 'go', 'gb', 'min', 'bell', 'gebruikskost', 'buit', 'bundel', 'go', 'kost', 'e', 'korting', 'gb', 'min', 'bell', 'total', 'totaalbedrag', 'omstrek', 'december', 'rekeningnr', 'afgeschrev', 'netherland', 'bv', 'postadres', 'postbus', 'bg', 'den', 'hag', 'bank', 'btw', 'nl', 'kvk', 'datum', 'november', 'pagina', 'klantnummer', 'factuurnummer', 'nummer', 'period', 'november', 'specificatie', 'vu', 'datum', 'starttijd', 'typ', 'bestemm', 'land', 'bundel', 'kost', 'nummer', 'tel', 'min', 'tel', 'min', 'tel', 'min', 'tel', 'min', 'tel', 'min', 'total', 'nummer', 'min', 'mobiel', 'nummer', 'tel', 'min', 'tel', 'min', 'tel', 'min', 'tel', 'min', 'tel', 'min', 'tel', 'min', 'tel', 'min', 'total', 'mobiel', 'nummer', 'min', 'sms', 'total', 'internet', 'data', 'internet', 'kb', 'data', 'internet', 'kb', 'data', 'internet', 'kb', 'data', 'internet', 'kb', 'data', 'internet', 'kb', 'data', 'internet', 'kb', 'data', 'internet', 'kb', 'data', 'internet', 'kb', 'data', 'internet', 'kb', 'data', 'internet', 'kb', 'data', 'internet', 'kb', 'data', 'internet', 'kb', 'data', 'internet', 'kb', 'data', 'internet', 'kb', 'data', 'internet', 'kb', 'data', 'internet', 'kb', 'data', 'internet', 'kb', 'kost', 'kolom', 'vall', 'binn', 'maandelijk', 'bundel', 's', 'vervolg', 'achterzijd', 'datum', 'november', 'pagina', 'klantnummer', 'factuurnummer', 'nummer', 'period', 'november', 'specificatie', 'vu', 'datum', 'starttijd', 'typ', 'bestemm', 'land', 'bundel', 'kost', 'internet', 'data', 'internet', 'kb', 'data', 'internet', 'kb', 'data', 'internet', 'kb', 'data', 'internet', 'kb', 'data', 'internet', 'kb', 'data', 'internet', 'kb', 'data', 'internet', 'kb', 'total', 'internet', 'kb', 'total', 'kost', 'kolom', 'vall', 'binn', 'maandelijk', 'bundel', 's']
invoice;['datum', 'december', 'pagina', 'klantnummer', 'factuurnummer', 'vrag', 'ga', 'factur', 'factuuruitleg', 'log', 'my', 'verbruikstatus', 'betaalstatus', 'factur', 'vu', 'haarspitstrat', 'hh', 'purmer', 'nummer', 'ga', 'factuurdetail', 'analyses', 'kostenoverzicht', 'aantal', 'period', 'bedrag', 'total', 'maandkost', 'go', 'gb', 'min', 'bell', 'klantvoordel', 'gb', 'klantvoordel', 'gb', 'gebruikskost', 'buit', 'bundel', 'go', 'kost', 'e', 'korting', 'gb', 'min', 'bell', 'klantvoordel', 'klantvoordel', 'total', 'totaalbedrag', 'omstrek', 'januari', 'rekeningnr', 'afgeschrev', 'netherland', 'bv', 'postadres', 'postbus', 'bg', 'den', 'hag', 'bank', 'btw', 'nl', 'kvk', 'datum', 'december', 'pagina', 'klantnummer', 'factuurnummer', 'nummer', 'period', 'december', 'specificatie', 'vu', 'datum', 'starttijd', 'typ', 'bestemm', 'land', 'bundel', 'kost', 'vast', 'nummer', 'tel', 'min', 'total', 'vast', 'nummer', 'min', 'nummer', 'tel', 'min', 'tel', 'min', 'tel', 'min', 'tel', 'min', 'tel', 'min', 'tel', 'min', 'total', 'nummer', 'min', 'mobiel', 'nummer', 'tel', 'min', 'tel', 'min', 'tel', 'min', 'tel', 'min', 'tel', 'min', 'tel', 'min', 'tel', 'min', 'tel', 'min', 'total', 'mobiel', 'nummer', 'min', 'internet', 'data', 'internet', 'kb', 'data', 'internet', 'kb', 'data', 'internet', 'kb', 'data', 'internet', 'kb', 'data', 'internet', 'kb', 'data', 'internet', 'kb', 'data', 'internet', 'kb', 'data', 'internet', 'kb', 'data', 'internet', 'kb', 'data', 'internet', 'kb', 'data', 'internet', 'kb', 'data', 'internet', 'kb', 'data', 'internet', 'kb', 'data', 'internet', 'kb', 'data', 'internet', 'kb', 'kost', 'kolom', 'vall', 'binn', 'maandelijk', 'bundel', 's', 'vervolg', 'achterzijd', 'datum', 'december', 'pagina', 'klantnummer', 'factuurnummer', 'nummer', 'period', 'december', 'specificatie', 'vu', 'datum', 'starttijd', 'typ', 'bestemm', 'land', 'bundel', 'kost', 'internet', 'data', 'internet', 'kb', 'data', 'internet', 'kb', 'data', 'internet', 'kb', 'data', 'internet', 'kb', 'data', 'internet', 'kb', 'data', 'internet', 'kb', 'data', 'internet', 'kb', 'data', 'internet', 'kb', 'data', 'internet', 'kb', 'data', 'internet', 'kb', 'data', 'internet', 'kb', 'data', 'internet', 'kb', 'data', 'internet', 'kb', 'total', 'internet', 'kb', 'total', 'kost', 'kolom', 'vall', 'binn', 'maandelijk', 'bundel', 's']
invoice;['datum', 'december', 'pagina', 'klantnummer', 'factuurnummer', 'vrag', 'ga', 'factur', 'factuuruitleg', 'log', 'my', 'verbruikstatus', 'betaalstatus', 'factur', 'vu', 'haarspitstrat', 'hh', 'purmer', 'nummer', 'ga', 'factuurdetail', 'analyses', 'kostenoverzicht', 'aantal', 'period', 'bedrag', 'total', 'maandkost', 'go', 'gb', 'min', 'bell', 'klantvoordel', 'gb', 'klantvoordel', 'gb', 'gebruikskost', 'buit', 'bundel', 'go', 'kost', 'e', 'korting', 'gb', 'min', 'bell', 'klantvoordel', 'klantvoordel', 'total', 'totaalbedrag', 'omstrek', 'januari', 'rekeningnr', 'afgeschrev', 'netherland', 'bv', 'postadres', 'postbus', 'bg', 'den', 'hag', 'bank', 'btw', 'nl', 'kvk', 'datum', 'december', 'pagina', 'klantnummer', 'factuurnummer', 'nummer', 'period', 'december', 'specificatie', 'vu', 'datum', 'starttijd', 'typ', 'bestemm', 'land', 'bundel', 'kost', 'vast', 'nummer', 'tel', 'min', 'total', 'vast', 'nummer', 'min', 'nummer', 'tel', 'min', 'tel', 'min', 'tel', 'min', 'tel', 'min', 'tel', 'min', 'tel', 'min', 'total', 'nummer', 'min', 'mobiel', 'nummer', 'tel', 'min', 'tel', 'min', 'tel', 'min', 'tel', 'min', 'tel', 'min', 'tel', 'min', 'tel', 'min', 'tel', 'min', 'total', 'mobiel', 'nummer', 'min', 'internet', 'data', 'internet', 'kb', 'data', 'internet', 'kb', 'data', 'internet', 'kb', 'data', 'internet', 'kb', 'data', 'internet', 'kb', 'data', 'internet', 'kb', 'data', 'internet', 'kb', 'data', 'internet', 'kb', 'data', 'internet', 'kb', 'data', 'internet', 'kb', 'data', 'internet', 'kb', 'data', 'internet', 'kb', 'data', 'internet', 'kb', 'data', 'internet', 'kb', 'data', 'internet', 'kb', 'kost', 'kolom', 'vall', 'binn', 'maandelijk', 'bundel', 's', 'vervolg', 'achterzijd', 'datum', 'december', 'pagina', 'klantnummer', 'factuurnummer', 'nummer', 'period', 'december', 'specificatie', 'vu', 'datum', 'starttijd', 'typ', 'bestemm', 'land', 'bundel', 'kost', 'internet', 'data', 'internet', 'kb', 'data', 'internet', 'kb', 'data', 'internet', 'kb', 'data', 'internet', 'kb', 'data', 'internet', 'kb', 'data', 'internet', 'kb', 'data', 'internet', 'kb', 'data', 'internet', 'kb', 'data', 'internet', 'kb', 'data', 'internet', 'kb', 'data', 'internet', 'kb', 'data', 'internet', 'kb', 'data', 'internet', 'kb', 'total', 'internet', 'kb', 'total', 'kost', 'kolom', 'vall', 'binn', 'maandelijk', 'bundel', 's']
invoice;['datum', 'december', 'pagina', 'klantnummer', 'factuurnummer', 'vrag', 'ga', 'factur', 'factuuruitleg', 'log', 'my', 'verbruikstatus', 'betaalstatus', 'factur', 'vu', 'haarspitstrat', 'hh', 'purmer', 'nummer', 'ga', 'factuurdetail', 'analyses', 'kostenoverzicht', 'aantal', 'period', 'bedrag', 'total', 'maandkost', 'go', 'gb', 'min', 'bell', 'klantvoordel', 'gb', 'klantvoordel', 'gb', 'gebruikskost', 'buit', 'bundel', 'go', 'kost', 'e', 'korting', 'gb', 'min', 'bell', 'klantvoordel', 'klantvoordel', 'total', 'totaalbedrag', 'omstrek', 'januari', 'rekeningnr', 'afgeschrev', 'netherland', 'bv', 'postadres', 'postbus', 'bg', 'den', 'hag', 'bank', 'btw', 'nl', 'kvk', 'datum', 'december', 'pagina', 'klantnummer', 'factuurnummer', 'nummer', 'period', 'december', 'specificatie', 'vu', 'datum', 'starttijd', 'typ', 'bestemm', 'land', 'bundel', 'kost', 'vast', 'nummer', 'tel', 'min', 'total', 'vast', 'nummer', 'min', 'nummer', 'tel', 'min', 'tel', 'min', 'tel', 'min', 'tel', 'min', 'tel', 'min', 'tel', 'min', 'total', 'nummer', 'min', 'mobiel', 'nummer', 'tel', 'min', 'tel', 'min', 'tel', 'min', 'tel', 'min', 'tel', 'min', 'tel', 'min', 'tel', 'min', 'tel', 'min', 'total', 'mobiel', 'nummer', 'min', 'internet', 'data', 'internet', 'kb', 'data', 'internet', 'kb', 'data', 'internet', 'kb', 'data', 'internet', 'kb', 'data', 'internet', 'kb', 'data', 'internet', 'kb', 'data', 'internet', 'kb', 'data', 'internet', 'kb', 'data', 'internet', 'kb', 'data', 'internet', 'kb', 'data', 'internet', 'kb', 'data', 'internet', 'kb', 'data', 'internet', 'kb', 'data', 'internet', 'kb', 'data', 'internet', 'kb', 'kost', 'kolom', 'vall', 'binn', 'maandelijk', 'bundel', 's', 'vervolg', 'achterzijd', 'datum', 'december', 'pagina', 'klantnummer', 'factuurnummer', 'nummer', 'period', 'december', 'specificatie', 'vu', 'datum', 'starttijd', 'typ', 'bestemm', 'land', 'bundel', 'kost', 'internet', 'data', 'internet', 'kb', 'data', 'internet', 'kb', 'data', 'internet', 'kb', 'data', 'internet', 'kb', 'data', 'internet', 'kb', 'data', 'internet', 'kb', 'data', 'internet', 'kb', 'data', 'internet', 'kb', 'data', 'internet', 'kb', 'data', 'internet', 'kb', 'data', 'internet', 'kb', 'data', 'internet', 'kb', 'data', 'internet', 'kb', 'total', 'internet', 'kb', 'total', 'kost', 'kolom', 'vall', 'binn', 'maandelijk', 'bundel', 's']
invoice;['datum', 'januari', 'pagina', 'klantnummer', 'factuurnummer', 'vrag', 'ga', 'factur', 'factuuruitleg', 'log', 'my', 'verbruikstatus', 'betaalstatus', 'factur', 'vu', 'haarspitstrat', 'hh', 'purmer', 'nummer', 'ga', 'factuurdetail', 'analyses', 'kostenoverzicht', 'aantal', 'period', 'bedrag', 'total', 'maandkost', 'go', 'gb', 'min', 'bell', 'klantvoordel', 'gb', 'gebruikskost', 'buit', 'bundel', 'go', 'kost', 'e', 'korting', 'gb', 'min', 'bell', 'klantvoordel', 'total', 'totaalbedrag', 'omstrek', 'februari', 'rekeningnr', 'afgeschrev', 'aanpass', 'maandkost', 'gevolg', 'inflatie', 'past', 'jaarlijk', 'januari', 'maandkost', 'abonnement', 'gevolg', 'inflatie', 'inflatiepercentag', 'bepaald', 'cbs', 'vastgesteld', 'maandkost', 'per', 'januari', 'percentag', 'verhoogd', 'kijk', 'informatie', 'netherland', 'bv', 'postadres', 'postbus', 'bg', 'den', 'hag', 'bank', 'btw', 'nl', 'kvk', 'datum', 'januari', 'pagina', 'klantnummer', 'factuurnummer', 'nummer', 'period', 'januari', 'specificatie', 'vu', 'datum', 'starttijd', 'typ', 'bestemm', 'land', 'bundel', 'kost', 'nummer', 'tel', 'min', 'tel', 'min', 'tel', 'min', 'tel', 'min', 'tel', 'min', 'tel', 'min', 'tel', 'min', 'tel', 'min', 'total', 'nummer', 'min', 'mobiel', 'nummer', 'tel', 'min', 'tel', 'min', 'tel', 'min', 'total', 'mobiel', 'nummer', 'min', 'internet', 'data', 'internet', 'kb', 'data', 'internet', 'kb', 'data', 'internet', 'kb', 'data', 'internet', 'kb', 'data', 'internet', 'kb', 'data', 'internet', 'kb', 'data', 'internet', 'kb', 'data', 'internet', 'kb', 'data', 'internet', 'kb', 'data', 'internet', 'kb', 'data', 'internet', 'kb', 'data', 'internet', 'kb', 'data', 'internet', 'kb', 'data', 'internet', 'kb', 'data', 'internet', 'kb', 'data', 'internet', 'kb', 'data', 'internet', 'kb', 'data', 'internet', 'kb', 'data', 'internet', 'kb', 'data', 'internet', 'kb', 'data', 'internet', 'kb', 'data', 'internet', 'kb', 'kost', 'kolom', 'vall', 'binn', 'maandelijk', 'bundel', 's', 'vervolg', 'achterzijd', 'datum', 'januari', 'pagina', 'klantnummer', 'factuurnummer', 'nummer', 'period', 'januari', 'specificatie', 'vu', 'datum', 'starttijd', 'typ', 'bestemm', 'land', 'bundel', 'kost', 'internet', 'data', 'internet', 'kb', 'data', 'internet', 'kb', 'data', 'internet', 'kb', 'data', 'internet', 'kb', 'data', 'internet', 'kb', 'data', 'internet', 'kb', 'data', 'internet', 'kb', 'data', 'internet', 'kb', 'total', 'internet', 'kb', 'total', 'kost', 'kolom', 'vall', 'binn', 'maandelijk', 'bundel', 's']
invoice;['datum', 'maart', 'pagina', 'klantnummer', 'factuurnummer', 'vrag', 'ga', 'factur', 'factuuruitleg', 'log', 'my', 'verbruikstatus', 'betaalstatus', 'factur', 'vu', 'haarspitstrat', 'hh', 'purmer', 'nummer', 'ga', 'factuurdetail', 'analyses', 'kostenoverzicht', 'aantal', 'period', 'bedrag', 'total', 'maandkost', 'go', 'gb', 'min', 'bell', 'klantvoordel', 'gb', 'gebruikskost', 'buit', 'bundel', 'go', 'kost', 'e', 'korting', 'gb', 'min', 'bell', 'klantvoordel', 'total', 'totaalbedrag', 'omstrek', 'april', 'rekeningnr', 'afgeschrev', 'netherland', 'bv', 'postadres', 'postbus', 'bg', 'den', 'hag', 'bank', 'btw', 'nl', 'kvk', 'datum', 'maart', 'pagina', 'klantnummer', 'factuurnummer', 'nummer', 'period', 'maart', 'specificatie', 'vu', 'datum', 'starttijd', 'typ', 'bestemm', 'land', 'bundel', 'kost', 'nummer', 'tel', 'min', 'tel', 'min', 'tel', 'min', 'total', 'nummer', 'min', 'mobiel', 'nummer', 'tel', 'min', 'tel', 'min', 'tel', 'min', 'total', 'mobiel', 'nummer', 'min', 'internet', 'data', 'internet', 'kb', 'data', 'internet', 'kb', 'data', 'internet', 'kb', 'data', 'internet', 'kb', 'data', 'internet', 'kb', 'data', 'internet', 'kb', 'data', 'internet', 'kb', 'data', 'internet', 'kb', 'data', 'internet', 'kb', 'data', 'internet', 'kb', 'data', 'internet', 'kb', 'data', 'internet', 'kb', 'data', 'internet', 'kb', 'data', 'internet', 'kb', 'data', 'internet', 'kb', 'data', 'internet', 'kb', 'data', 'internet', 'kb', 'data', 'internet', 'kb', 'data', 'internet', 'kb', 'data', 'internet', 'kb', 'data', 'internet', 'kb', 'data', 'internet', 'kb', 'data', 'internet', 'kb', 'data', 'internet', 'kb', 'data', 'internet', 'kb', 'data', 'internet', 'kb', 'data', 'internet', 'kb', 'kost', 'kolom', 'vall', 'binn', 'maandelijk', 'bundel', 's', 'vervolg', 'achterzijd', 'datum', 'maart', 'pagina', 'klantnummer', 'factuurnummer', 'nummer', 'period', 'maart', 'specificatie', 'vu', 'datum', 'starttijd', 'typ', 'bestemm', 'land', 'bundel', 'kost', 'internet', 'data', 'internet', 'kb', 'data', 'internet', 'kb', 'data', 'internet', 'kb', 'total', 'internet', 'kb', 'total', 'kost', 'kolom', 'vall', 'binn', 'maandelijk', 'bundel', 's']
invoice;['kamer', 'koophandel', 'sint', 'jacobsstrat', 'postbus', 'aa', 'utrecht', 'iban', 'bic', 'kamer', 'koophandel', 'her', 'blokhuis', 'bt', 'utrecht', 'omschrijv', 'aantal', 'tarief', 'bedrag', 'btw', 'order', 'her', 'blokhuis', 'lei', 'renewal', 'jaarlijk', 'verleng', 'lei', 'registratie', 'indien', 'inschrijv', 'wenst', 'beeindig', 'grag', 'bijbehor', 'formulier', 'onz', 'sit', 'grondslag', 'subtotal', 'btw', 'total', 'voldoen', 'wij', 'verzoek', 'bedrag', 'factuurnummer', 'vervaldatum', 'betal', 'vrag', 'factur', 'kijk', 'onz', 'websit', 'factur', 'pagina', 'factuurnummer', 'factuurdatum', 'vervaldatum', 'kvk', 'nummer', 'vestigingsnummer']
invoice;['voorbeeld', 'factur', 'btw', 'opdracht', 'gever', 'bv', 'dhr', 'lant', 'mooielan', 'lk', 'amsterhuis', 'zak', 'grootpad', 'aw', 'rotterdam', 'kvk', 'btw', 'iban', 'rabo', 'factuurdatum', 'vervaldatum', 'factuurnummer', 'fact', 'period', 'contact', 'tel', 'mobiel', 'mail', 'mail', 'web', 'aantal', 'omschrijv', 'btw', 'total', 'uur', 'advieswerk', 'km', 'reiskost', 'dag', 'x', 'km', 'total', 'excl', 'btw', 'btw', 'total', 'wij', 'verzoek', 'vriendelijk', 'bedrag', 'binn', 'dag', 'mak', 'rekeningnummer', 'rabo', 'ten', 'nam', 'zak', 'rotterdam', 'vermeld', 'factuurnummer', 'fact']
invoice;['voorbeeld', 'factur', 'btw', 'opdracht', 'gever', 'bv', 'dhr', 'lant', 'mooielan', 'lk', 'amsterhuis', 'zak', 'grootpad', 'aw', 'rotterdam', 'kvk', 'btw', 'iban', 'rabo', 'factuurdatum', 'vervaldatum', 'factuurnummer', 'fact', 'period', 'contact', 'tel', 'mobiel', 'mail', 'mail', 'web', 'aantal', 'omschrijv', 'btw', 'total', 'uur', 'advieswerk', 'km', 'reiskost', 'dag', 'x', 'km', 'total', 'excl', 'btw', 'btw', 'total', 'wij', 'verzoek', 'vriendelijk', 'bedrag', 'binn', 'dag', 'mak', 'rekeningnummer', 'rabo', 'ten', 'nam', 'zak', 'rotterdam', 'vermeld', 'factuurnummer', 'fact']
invoice;['siebrenmusic', 'factuurnummer', 'fut', 'deventer', 'voorbeeld', 'factur', 'siebrenmusic', 'nam', 'betalingsplicht', 'straatnam', 'huisnummer', 'postcod', 'plat', 'kvk', 'btw', 'bank', 'factuurdatum', 'vervaldatum', 'aantal', 'omschrijv', 'datum', 'total', 'btw', 'les', 'vrij', 'subtotal', 'btw', 'total', 'voorbeeld', 'factur', 'factur', 'werkzam', 'ontstat', 'dienstbetrek', 'waardor', 'artiestenregel', 'art', 'wet', 'lb', 'art', 'besluit', 'december', 'social', 'verzeker', 'toepass', 'kies', 'echter', 'gen', 'gebruik', 'mak', 'artiestenregel', 'gen', 'loonheff', 'lat', 'afdrag', 'verzekerd', 'werknemersverzeker', 'out', 'hiermee', 'voldan', 'art', 'ur', 'lb', 'art', 'lid', 'besluit', 'december', 'keuz', 'mag', 'opdrachtgever', 'gag', 'optred', 'bruto', 'betal', 'verzoek', 'vriendelijk', 'betal', 'binn', 'dag', 'voldoen', 'reken', 'vermeld', 'factuurnummer', 'vrag', 'kunt', 'contact', 'opnem', 'per', 'email', 'mailto', 'siebrenmusic']
invoice;['companynam', 'voorbeeld', 'bv', 'nam', 'straatnam', 'stad', 'klantnummer', 'accountnummer', 'kenmerk', 'factuurnummer', 'factuurdatum', 'april', 'vervaldatum', 'mei', 'betreft', 'voorbeeld', 'maandelijk', 'termijnbedrag', 'geacht', 'her', 'voorbeeld', 'hierbij', 'ontvangt', 'factur', 'maandelijk', 'termijnbedrag', 'gazprom', 'energy', 'bedrag', 'bestat', 'netwerkkost', 'verbruikskost', 'energiebelast', 'btw', 'termijnbedrag', 'jar', 'totaalbedrag', 'ex', 'btw', 'btw', 'btw', 'totaalbedrag', 'verzocht', 'factur', 'uiter', 'mei', 'voldoen', 'correct', 'verwerk', 'betal', 'borg', 'verzoek', 'wij', 'accountnummer', 'factuurnummer', 'vermeld', 'omschrijv', 'overboek', 'mocht', 'aanleid', 'bovenstaand', 'informatie', 'vrag', 'nem', 'contact', 'onz', 'klantenservic', 'via', 'klantnummer', 'person', 'nummer', 'binn', 'gazprom', 'energy', 'accountnummer', 'nummer', 'account', 'binn', 'gazprom', 'energy', 'factuurnummer', 'uniek', 'nummer', 'factur', 'vermeld', 'betal', 'termijnbedrag', 'factuurnummer', 'factuurdatum', 'dag', 'factur', 'gemaakt', 'vervaldatum', 'uiter', 'datum', 'waarop', 'eventueel', 'verschuldigd', 'bedrag', 'onz', 'reken', 'bijgeschrev', 'termijnbedrag', 'vindt', 'maand', 'jaartal', 'waarop', 'termijnbedrag', 'betrek', 'totaalbedrag', 'incl', 'btw', 'total', 'termijnbedrag', 'betal', 'uiter', 'voldoen', 'datum', 'gelijk', 'vervaldatum', 'bovenan', 'factur', 'teven', 'weergegev', 'welk', 'betaalwijz', 'factur', 'gehanteerd', 'overboek', 'automatisch', 'incasso', 'voorbeeld', 'factur', 'termijnbedrag', 'adres', 'gazprom', 'market', 'trading', 'retail', 'postbus', 'ch', 'nederland', 'kvk', 'nl', 'iban', 'citi', 'incassant', 'id', 'klantenservic', 'toelicht', 'regional', 'netbeheerder', 'periodiek', 'regional', 'netbeheerkost', 'kleinverbruik', 'aansluit', 'per', 'augustus', 'gazprom', 'energy', 'namen', 'netbeheerder', 's', 'gefactureerd', 'geind', 'wij', 'verplicht', 'regional', 'netbeheerkost', 'daarop', 'betrek', 'hebbend', 'omzetbelast', 'apart', 'meld', 'ieder', 'netbeheerder', 'bedrag', 'per', 'netbeheerder', 'netbeheerder', 'nummer', 'bedrag', 'excl', 'btw', 'bedrag', 'btw', 'bedrag', 'btw', 'bedrag', 'incl', 'btw', 'nam', 'klantnummer', 'accountnummer', 'factuurnummer', 'factuurdatum', 'april', 'pagina', 'bedrag', 'per', 'netbeheerder', 'overzicht', 'vindt', 'kost', 'toepass', 'zijnd', 'netbeheerder', 'terug', 'kost', 'gazprom', 'energy', 'namen', 'netbeheerder', 'gefactureerd', 'geind', 'netbeheerder', 'netbeheerder', 'regio', 'actief', 'specificatie', 'termijnbedrag', 'aansluit', 'elektriciteit', 'volum', 'factur', 'kwh', 'lever', 'regional', 'netbeher', 'vast', 'kost', 'energie', 'belast', 'opslag', 'duurzam', 'energie', 'bedrag', 'btw', 'bedrag', 'incl', 'btw', 'aansluit', 'straatnam', 'huisnummer', 'postcod', 'ean', 'cod', 'aansluit', 'gas', 'volum', 'factur', 'lever', 'landelijk', 'netbeher', 'regional', 'netbeher', 'vast', 'kost', 'energie', 'belast', 'opslag', 'duurzam', 'energie', 'bedrag', 'btw', 'bedrag', 'incl', 'btw', 'aansluit', 'straatnam', 'huisnummer', 'postcod', 'ean', 'cod', 'volum', 'v', 'kwh', 'kwh', 'specificatie', 'termijnbedrag', 'specificatie', 'geeft', 'inzag', 'opbouw', 'maandelijk', 'termijnbedrag', 'aansluit', 'elektriciteit', 'overzicht', 'kenmerk', 'all', 'elektriciteit', 'aansluit', 'weergegev', 'volum', 'maandbasis', 'kost', 'lever', 'regional', 'netbeheerkost', 'enz', 'laatst', 'kolom', 'per', 'aansluit', 'total', 'all', 'kost', 'weergegev', 'aansluit', 'gas', 'overzicht', 'kenmerk', 'all', 'gas', 'aansluit', 'weergegev', 'volum', 'maandbasis', 'kost', 'lever', 'landelijk', 'regional', 'netbeheerkost', 'enz', 'laatst', 'kolom', 'per', 'aansluit', 'total', 'all', 'kost', 'weergegev', 'klantnummer', 'accountnummer', 'factuurnummer', 'factuurdatum', 'april', 'pagina']
invoice;['post', 'kerkstrat', 'schiedam', 'uitleg', 'factur', 'postnl', 'klantnummer', 'postnl', 'belastingdienst', 'bepaald', 'typ', 'factur', 'stan', 'daarom', 'vermeld', 'wij', 'factur', 'nam', 'vestigingsadres', 'vermeld', 'waarmee', 'ingeschrev', 'stat', 'kamer', 'koophandel', 'factur', 'ander', 'adres', 'ontvang', 'voeg', 'wij', 'apart', 'voorblad', 'toe', 'adres', 'factuurnummer', 'kunt', 'postnl', 'modul', 'factur', 'terugvind', 'kun', 'verbruiksoverzicht', 'download', 'zie', 'period', 'war', 'factur', 'betrek', 'period', 'eventuel', 'abonnementsperiodes', 'vind', 'terug', 'verbruiksoverzicht', 'postnl', 'zie', 'factuurdatum', 'datum', 'waarop', 'wij', 'factur', 'opgemaakt', 'betaaltermijn', 'geldt', 'vanaf', 'datum', 'kost', 'jou', 'afgenom', 'dienst', 'product', 'elkar', 'opgeteld', 'weergegev', 'verzamelproduct', 'bijvoorbeeld', 'partijenpost', 'binnenland', 'dienst', 'product', 'afgenom', 'waarvor', 'verschill', 'percentages', 'geld', 'zie', 'per', 'apart', 'regel', 'toepass', 'bedrag', 'hierna', 'regel', 'vermeld', 'stat', 'vind', 'totaalbedrag', 'exclusief', 'btw', 'afgenom', 'dienst', 'product', 'afgenom', 'dienst', 'product', 'berek', 'genoemd', 'totaalbedrag', 'total', 'bedrag', 'inclusief', 'btw', 'regel', 'vind', 'uitsplits', 'afgenom', 'dienst', 'product', 'per', 'postnl', 'levert', 'dienst', 'product', 'waarvor', 'som', 'verschill', 'geld', 'zie', 'specificatie', 'zie', 'totaalbedrag', 'factur', 'bedrag', 'wij', 'gan', 'incasser', 'postnl', 'overmak', 'kolom', 'stat', 'aantal', 'stuk', 'hebt', 'aangebod', 'tijden', 'gehel', 'factuurperiod', 'gat', 'aantal', 'stuk', 'per', 'apart', 'tarief', 'tarief', 'per', 'stuk', 'per', 'kilo', 'euro', 's', 'vermeld', 'war', 'tarief', 'gebaseerd', 'bijvoorbeeld', 'per', 'zending', 'per', 'kilo', 'stat', 'toepass', 'totaalbedrag', 'exclusief', 'btw', 'per', 'regel', 'zie', 'totaalbedrag', 'factur', 'exclusief', 'btw', 'specificatie', 'all', 'afgenom', 'product', 'dienst', 'vind', 'terug', 'verbruiksoverzicht', 'postnl', 'gedownload', 'verbruiksoverzicht', 'stat', 'bijvoorbeeld', 'abonnementsperiod', 'postbus', 'antwoordnummer', 'gat', 'postnl', 'via']
invoice;['microsoft', 'word', 'voorbeeldfactur', 'voorbeeldfactur', 'factur', 'dient', 'percentag', 'btw', 'reken', 'gebracht', 'opdrachtgever', 'vermeld', 'stan', 'welk', 'btw', 'bedrag', 'hoort', 'kunt', 'volstan', 'incl', 'btw', 'voorbeeld', 'factur', 'eruit', 'zien', 'volgt', 'bedrijfsnam', 'nam', 'strat', 'huisnummer', 'postcod', 'woonplat', 'factuurdatum', 'factuurnummer', 'betreft', 'omschrijv', 'werkzam', 'materiaalkost', 'reiskost', 'x', 'km', 'subtotal', 'btw', 'total', 'factur', 'dient', 'binn', 'dag', 'factuurdatum', 'voldan', 'eig', 'nam', 'eig', 'adres', 'eig', 'bankrekeningnummer', 'eig', 'eig', 'nummer']
invoice;['standaardopmak', 'beroepkunstenar', 'voorbeeldfactur', 'voorbeeldfactur', 'verkop', 'kunstwerk', 'factur', 'johan', 'verdam', 'verfstrat', 'ps', 'amsterdam', 'her', 'janss', 'damstrat', 'az', 'amsterdam', 'amsterdam', 'januari', 'factuurnummer', 'volgend', 'begin', 'wer', 'schilderij', 'bom', 'btw', 'total', 'grag', 'binn', 'dag', 'overmak', 'bankreken', 'bovengenoemd', 'factuurnummer', 'kvk', 'websit', 'amsterdam', 'hogeschol', 'kunst', 'okt', 'voorbeeldfactur', 'muziekles', 'factur', 'johan', 'verdam', 'verfstrat', 'ps', 'amsterdam', 'mevrouw', 'janss', 'damstrat', 'az', 'amsterdam', 'amsterdam', 'januari', 'factuurnummer', 'volgend', 'begin', 'wer', 'pianoless', 'minut', 'period', 'btw', 'total', 'grag', 'binn', 'dag', 'overmak', 'bankreken', 'bovengenoemd', 'factuurnummer', 'kvk', 'let', 'afhank', 'leeftijd', 'cursist', 'plat', 'less', 'voorbeeld', 'gat', 'volwass', 'cursist', 'zie', 'wegwijzer', 'wanner', 'hef', 'docent', 'btw', 'lesgeld', 'hoevel', 'websit', 'amsterdam', 'hogeschol', 'kunst', 'okt', 'voorbeeldfactur', 'optred', 'factur', 'johan', 'verdam', 'verfstrat', 'ps', 'amsterdam', 'podium', 'velserbroekselan', 'vt', 'velserbroek', 'amsterdam', 'januari', 'factuurnummer', 'volgend', 'begin', 'wer', 'optred', 'johan', 'verdam', 'podium', 'velserbroek', 'januari', 'uur', 'btw', 'total', 'grag', 'binn', 'dag', 'overmak', 'bankreken', 'bovengenoemd', 'factuurnummer', 'kvk', 'let', 'mag', 'artiest', 'allen', 'facturer', 'hebt', 'kopie', 'var', 'kopie', 'paspoort', 'factur', 'meezend', 'ander', 'verloond', 'websit', 'amsterdam', 'hogeschol', 'kunst', 'okt', 'voorbeeldfactur', 'fotografie', 'workshop', 'factur', 'johan', 'verdam', 'verfstrat', 'ps', 'amsterdam', 'podium', 'velserbroekselan', 'vt', 'velserbroek', 'amsterdam', 'januari', 'factuurnummer', 'volgend', 'begin', 'wer', 'foto', 's', 'workshop', 'fotografie', 'januari', 'foto', 's', 'x', 'btw', 'workshop', 'januari', 'total', 'nb', 'workshop', 'voorbeeld', 'vrijgesteld', 'btw', 'aangezien', 'workshop', 'kinder', 'jar', 'betreft', 'grag', 'binn', 'dag', 'overmak', 'bankreken', 'bovengenoemd', 'factuurnummer', 'kvk', 'let', 'afhank', 'leeftijd', 'cursist', 'plat', 'less', 'voorbeeld', 'gat', 'workshop', 'kinder', 'jar', 'zie', 'wegwijzer', 'wanner', 'hef', 'docent', 'btw', 'lesgeld', 'hoevel', 'websit', 'amsterdam', 'hogeschol', 'kunst', 'okt', 'voorbeeldfactur', 'voorbeeldfactur', 'fotografie', 'workshop']
invoice;['pdf', 'invoic', 'exampl', 'invoic', 'payment', 'due', 'within', 'day', 'from', 'invoic', 'lat', 'payment', 'subject', 'to', 'fes', 'per', 'month', 'thank', 'for', 'choosing', 'demo', 'sliced', 'invoices', 'admin', 'pag', 'from', 'demo', 'sliced', 'invoices', 'suit', 'somewher', 'stret', 'your', 'city', 'az', 'admin', 'invoic', 'number', 'order', 'number', 'invoic', 'january', 'due', 'january', 'total', 'due', 'to', 'test', 'busines', 'somewher', 'st', 'melbourn', 'vic', 'test', 'servic', 'adjust', 'sub', 'total', 'web', 'designthis', 'a', 'sampl', 'description', 'sub', 'total', 'tax', 'total', 'anz', 'bank', 'acc', 'bsb', 'pa', 'id', 'http', 'http', 'http', 'mailto', 'admin']
